batch,scroll,window,direction,frac200,blobs_letterlike,p999,mean,verdict
p0125_b2_batch,PHerc0125,w021,ink,0.00087,1,200.0,91.54,negative
p0125_b2_batch,PHerc0125,w021,ink_reverse,0.00000,0,184.0,86.62,negative
p0125_b2_batch,PHerc0125,w022,ink,0.00004,0,192.0,86.8,negative
p0125_b2_batch,PHerc0125,w022,ink_reverse,0.00000,0,176.0,83.1,negative
p0125_b2_batch,PHerc0125,w024,ink,0.00035,1,185.0,83.27,negative
p0125_b2_batch,PHerc0125,w024,ink_reverse,0.00000,0,183.0,83.36,negative
p0125_b2_batch,PHerc0125,w025,ink,0.00006,0,188.0,81.33,negative
p0125_b2_batch,PHerc0125,w025,ink_reverse,0.00002,0,187.0,84.51,negative
p0125_b2_batch,PHerc0125,w027,ink,0.00019,0,194.0,84.49,negative
p0125_b2_batch,PHerc0125,w027,ink_reverse,0.00004,0,187.0,83.84,negative
p0125_b2_batch,PHerc0125,w028,ink,0.00000,0,183.0,86.88,negative
p0125_b2_batch,PHerc0125,w028,ink_reverse,0.00007,0,191.0,84.57,negative
p0125_b2_batch,PHerc0125,w030,ink,0.00000,0,178.0,83.37,negative
p0125_b2_batch,PHerc0125,w030,ink_reverse,0.00000,0,182.0,84.41,negative
p0125_b2_batch,PHerc0125,w031,ink,0.00000,0,186.0,82.42,negative
p0125_b2_batch,PHerc0125,w031,ink_reverse,0.00000,0,177.0,81.31,negative
p0125_b2_batch,PHerc0125,w033,ink,0.00000,0,179.0,81.53,negative
p0125_b2_batch,PHerc0125,w033,ink_reverse,0.00000,0,178.0,84.26,negative
p0125_b2_batch,PHerc0125,w034,ink,0.00000,0,181.0,82.51,negative
p0125_b2_batch,PHerc0125,w034,ink_reverse,0.00000,0,171.0,82.77,negative
p0125_b2_batch,PHerc0125,w036,ink,0.00019,1,186.0,85.77,negative
p0125_b2_batch,PHerc0125,w036,ink_reverse,0.00002,0,188.0,85.91,negative
p0125_b2_batch,PHerc0125,w037,ink,0.00007,0,192.0,83.57,negative
p0125_b2_batch,PHerc0125,w037,ink_reverse,0.00014,0,188.0,84.12,negative
p0125_b2_batch,PHerc0125,w039,ink,0.00000,0,176.0,81.99,negative
p0125_b2_batch,PHerc0125,w039,ink_reverse,0.00014,0,187.0,83.22,negative
p0125_b2_batch,PHerc0125,w040,ink,0.00000,0,175.0,81.69,negative
p0125_b2_batch,PHerc0125,w040,ink_reverse,0.00000,0,183.0,83.42,negative
p0125_b2_batch,PHerc0125,w041,ink,0.00001,0,186.0,84.54,negative
p0125_b2_batch,PHerc0125,w041,ink_reverse,0.00026,1,195.0,84.4,negative
p0125_b2_batch,PHerc0125,w042,ink,0.00003,0,192.0,84.43,negative
p0125_b2_batch,PHerc0125,w042,ink_reverse,0.00000,0,185.0,83.63,negative
p0125_b2_batch,PHerc0125,w043,ink,0.00003,0,186.0,84.87,negative
p0125_b2_batch,PHerc0125,w043,ink_reverse,0.00003,0,181.0,82.17,negative
p0125_b2_batch,PHerc0125,w044,ink,0.00002,0,188.0,85.0,negative
p0125_b2_batch,PHerc0125,w044,ink_reverse,0.00010,0,193.0,83.97,negative
p0125_b2_batch,PHerc0125,w045,ink,0.00000,0,186.0,83.02,negative
p0125_b2_batch,PHerc0125,w045,ink_reverse,0.00013,0,189.0,84.91,negative
p0125_b2_batch,PHerc0125,w046,ink,0.00000,0,189.0,82.65,negative
p0125_b2_batch,PHerc0125,w046,ink_reverse,0.00000,0,180.0,82.08,negative
p0125_b2_batch,PHerc0125,w047,ink,0.00000,0,180.0,82.82,negative
p0125_b2_batch,PHerc0125,w047,ink_reverse,0.00000,0,174.0,83.12,negative
p0125_b2_batch,PHerc0125,w048,ink,0.00001,0,190.0,84.22,negative
p0125_b2_batch,PHerc0125,w048,ink_reverse,0.00020,1,189.0,84.06,negative
p0125_b2_batch,PHerc0125,w049,ink,0.00001,0,189.0,84.68,negative
p0125_b2_batch,PHerc0125,w049,ink_reverse,0.00015,1,192.0,83.62,negative
p0125_b2_batch,PHerc0125,w050,ink,0.00002,0,187.0,83.53,negative
p0125_b2_batch,PHerc0125,w050,ink_reverse,0.00000,0,182.0,83.16,negative
p0125_b2_batch,PHerc0125,w051,ink,0.00021,1,189.0,83.15,negative
p0125_b2_batch,PHerc0125,w051,ink_reverse,0.00000,0,180.0,82.53,negative
p0125_b2_batch,PHerc0125,w052,ink,0.00000,0,178.0,81.38,negative
p0125_b2_batch,PHerc0125,w052,ink_reverse,0.00000,0,182.0,82.36,negative
p0125_b2_batch,PHerc0125,w053,ink,0.00027,1,191.0,84.57,negative
p0125_b2_batch,PHerc0125,w053,ink_reverse,0.00000,0,185.0,85.21,negative
p0125_b2_batch,PHerc0125,w054,ink,0.00024,1,192.0,85.33,negative
p0125_b2_batch,PHerc0125,w054,ink_reverse,0.00002,0,188.0,85.2,negative
p0125_b2_batch,PHerc0125,w055,ink,0.00012,1,182.0,82.17,negative
p0125_b2_batch,PHerc0125,w055,ink_reverse,0.00009,0,180.0,83.32,negative
p0125_b2_batch,PHerc0125,w056,ink,0.00015,0,182.0,82.26,negative
p0125_b2_batch,PHerc0125,w056,ink_reverse,0.00000,0,186.0,85.46,negative
p0125_b2_batch,PHerc0125,w057,ink,0.00004,0,183.0,82.47,negative
p0125_b2_batch,PHerc0125,w057,ink_reverse,0.00001,0,179.0,82.7,negative
p0125_b2_batch,PHerc0125,w058,ink,0.00012,1,186.0,80.94,negative
p0125_b2_batch,PHerc0125,w058,ink_reverse,0.00010,0,183.0,81.03,negative
p0125_b2_batch,PHerc0125,w059,ink,0.00000,0,182.0,80.7,negative
p0125_b2_batch,PHerc0125,w059,ink_reverse,0.00004,0,185.0,82.47,negative
p0125_b2_batch,PHerc0125,w060,ink,0.00000,0,180.0,79.91,negative
p0125_b2_batch,PHerc0125,w060,ink_reverse,0.00000,0,171.0,78.67,negative
p0125_b2_batch,PHerc0125,w061,ink,0.00016,1,177.0,80.78,negative
p0125_b2_batch,PHerc0125,w061,ink_reverse,0.00001,0,183.0,80.58,negative
p0125_b2_batch,PHerc0125,w062,ink,0.00001,0,185.80000000074506,80.98,negative
p0125_b2_batch,PHerc0125,w062,ink_reverse,0.00000,0,174.0,81.11,negative
p0125_b2_batch,PHerc0125,w063,ink,0.00000,0,180.0,81.75,negative
p0125_b2_batch,PHerc0125,w063,ink_reverse,0.00000,0,175.0,81.96,negative
p0125_b2_batch,PHerc0125,w064,ink,0.00000,0,183.0,84.09,negative
p0125_b2_batch,PHerc0125,w064,ink_reverse,0.00000,0,181.0,84.68,negative
p0125_b2_batch,PHerc0125,w065,ink,0.00000,0,181.0,84.28,negative
p0125_b2_batch,PHerc0125,w065,ink_reverse,0.00000,0,185.0,85.6,negative
p0125_b2_batch,PHerc0125,w066,ink,0.00001,0,187.0,83.93,negative
p0125_b2_batch,PHerc0125,w066,ink_reverse,0.00003,0,186.0,82.57,negative
p0125_b2_batch,PHerc0125,w067,ink,0.00010,1,185.0,83.51,negative
p0125_b2_batch,PHerc0125,w067,ink_reverse,0.00010,1,183.0,83.89,negative
p0125_b2_batch,PHerc0125,w068,ink,0.00000,0,176.0,82.63,negative
p0125_b2_batch,PHerc0125,w068,ink_reverse,0.00006,0,177.0,83.01,negative
p0125_b2_batch,PHerc0125,w069,ink,0.00000,0,184.0,81.31,negative
p0125_b2_batch,PHerc0125,w069,ink_reverse,0.00001,0,181.0,81.91,negative
p0125_b2_batch,PHerc0125,w070,ink,0.00001,0,183.0,82.55,negative
p0125_b2_batch,PHerc0125,w070,ink_reverse,0.00001,0,176.0,81.91,negative
p0125_b2_batch,PHerc0125,w071,ink,0.00004,0,180.0,81.32,negative
p0125_b2_batch,PHerc0125,w071,ink_reverse,0.00001,0,181.0,81.88,negative
p0125_b2_batch,PHerc0125,w072,ink,0.00007,0,172.0,80.69,negative
p0125_b2_batch,PHerc0125,w072,ink_reverse,0.00000,0,181.0,80.07,negative
p0125_b2_batch,PHerc0125,w073,ink,0.00005,0,178.0,81.17,negative
p0125_b2_batch,PHerc0125,w073,ink_reverse,0.00000,0,182.0,81.29,negative
p0125_b2_batch,PHerc0125,w074,ink,0.00002,0,181.0,80.77,negative
p0125_b2_batch,PHerc0125,w074,ink_reverse,0.00001,0,177.0,80.82,negative
p0125_b2_batch,PHerc0125,w075,ink,0.00000,0,172.0,80.9,negative
p0125_b2_batch,PHerc0125,w075,ink_reverse,0.00004,0,185.0,80.08,negative
p0125_b2_batch,PHerc0125,w076,ink,0.00000,0,171.0,81.46,negative
p0125_b2_batch,PHerc0125,w076,ink_reverse,0.00001,0,180.0,82.14,negative
p0125_b2_batch,PHerc0125,w077,ink,0.00016,1,191.0,81.32,negative
p0125_b2_batch,PHerc0125,w077,ink_reverse,0.00004,0,185.0,82.4,negative
p0125_b2_batch,PHerc0125,w078,ink,0.00004,0,186.0,82.98,negative
p0125_b2_batch,PHerc0125,w078,ink_reverse,0.00000,0,184.0,82.71,negative
p0125_b2_batch,PHerc0125,w079,ink,0.00031,1,190.0,83.92,negative
p0125_b2_batch,PHerc0125,w079,ink_reverse,0.00000,0,185.0,83.81,negative
p0125_b2_batch,PHerc0125,w080,ink,0.00013,1,192.0,87.18,negative
p0125_b2_batch,PHerc0125,w080,ink_reverse,0.00000,0,185.0,86.08,negative
p0125_b2_batch,PHerc0125,w081,ink,0.00013,1,188.0,87.71,negative
p0125_b2_batch,PHerc0125,w081,ink_reverse,0.00000,0,185.0,88.03,negative
p0125_b2_batch,PHerc0125,w082,ink,0.00001,0,188.0,87.11,negative
p0125_b2_batch,PHerc0125,w082,ink_reverse,0.00006,0,191.0,86.93,negative
p0125_b2_batch,PHerc0125,w083,ink,0.00007,0,188.0,86.52,negative
p0125_b2_batch,PHerc0125,w083,ink_reverse,0.00014,1,191.0,86.83,negative
p0125_b2_batch,PHerc0125,w084,ink,0.00003,0,187.0,85.46,negative
p0125_b2_batch,PHerc0125,w084,ink_reverse,0.00002,0,182.0,84.74,negative
p0125_b2_batch,PHerc0125,w086,ink,0.00018,0,195.0,87.88,negative
p0125_b2_batch,PHerc0125,w086,ink_reverse,0.00001,0,187.0,88.01,negative
p0125_b2_batch,PHerc0125,w087,ink,0.00001,0,188.0,88.29,negative
p0125_b2_batch,PHerc0125,w087,ink_reverse,0.00000,0,188.0,87.97,negative
p0125_b2_batch,PHerc0125,w089,ink,0.00001,0,184.0,86.71,negative
p0125_b2_batch,PHerc0125,w089,ink_reverse,0.00020,1,194.0,87.81,negative
p0125_batch_acw10k,PHerc0125,w091,ink,0.00001,0,186.0,81.37,negative
p0125_batch_acw10k,PHerc0125,w091,ink_reverse,0.00001,0,185.0,81.88,negative
p0125_batch_acw10k,PHerc0125,w093,ink,0.00066,3,198.0,82.42,negative
p0125_batch_acw10k,PHerc0125,w093,ink_reverse,0.00001,0,185.0,84.88,negative
p0125_batch_acw10k,PHerc0125,w095,ink,0.00006,0,186.0,82.68,negative
p0125_batch_acw10k,PHerc0125,w095,ink_reverse,0.00018,1,189.0,82.87,negative
p0125_batch_acw10k,PHerc0125,w097,ink,0.00001,0,180.0,83.58,negative
p0125_batch_acw10k,PHerc0125,w097,ink_reverse,0.00020,1,189.0,82.92,negative
p0125_batch_acw10k,PHerc0125,w099,ink,0.00009,0,190.0,83.07,negative
p0125_batch_acw10k,PHerc0125,w099,ink_reverse,0.00025,1,196.0,83.39,negative
p0125_batch_acw10k,PHerc0125,w101,ink,0.00009,0,191.0,85.02,negative
p0125_batch_acw10k,PHerc0125,w101,ink_reverse,0.00000,0,188.0,84.4,negative
p0125_batch_acw10k,PHerc0125,w103,ink,0.00017,1,192.0,85.39,negative
p0125_batch_acw10k,PHerc0125,w103,ink_reverse,0.00014,0,193.0,86.0,negative
p0125_batch_acw10k,PHerc0125,w105,ink,0.00001,0,190.0,84.72,negative
p0125_batch_acw10k,PHerc0125,w105,ink_reverse,0.00013,1,188.0,83.97,negative
p0125_batch_acw10k,PHerc0125,w107,ink,0.00015,1,193.0,84.22,negative
p0125_batch_acw10k,PHerc0125,w107,ink_reverse,0.00011,0,184.0,85.07,negative
p0125_batch_acw10k,PHerc0125,w109,ink,0.00027,1,186.0,84.46,negative
p0125_batch_acw10k,PHerc0125,w109,ink_reverse,0.00025,1,190.0,85.36,negative
p0125_batch_acw10k,PHerc0125,w111,ink,0.00034,1,195.0,87.7,negative
p0125_batch_acw10k,PHerc0125,w111,ink_reverse,0.00040,2,197.0,86.62,negative
p0125_batch_acw10k,PHerc0125,w113,ink,0.00070,3,199.0,89.17,negative
p0125_batch_acw10k,PHerc0125,w113,ink_reverse,0.00049,3,197.0,85.56,negative
p0125_batch_acw10k,PHerc0125,w115,ink,0.00130,5,201.0,91.39,negative
p0125_batch_acw10k,PHerc0125,w115,ink_reverse,0.00150,6,202.0,88.71,negative
p0125_batch_acw10k,PHerc0125,w117,ink,0.00258,5,203.0,96.63,negative
p0125_batch_acw10k,PHerc0125,w117,ink_reverse,0.00282,9,203.0,94.25,negative
p0125_batch_acw10k,PHerc0125,w119,ink,0.00438,12,204.0,97.95,inspect
p0125_batch_acw10k,PHerc0125,w119,ink_reverse,0.00438,17,204.0,97.36,inspect
p0125_batch_acw10k,PHerc0125,w121,ink,0.00044,1,198.0,85.32,negative
p0125_batch_acw10k,PHerc0125,w121,ink_reverse,0.00103,3,201.0,87.37,negative
p0125_batch_acw10k,PHerc0125,w123,ink,0.00097,1,200.0,82.41,negative
p0125_batch_acw10k,PHerc0125,w123,ink_reverse,0.00126,4,202.0,82.28,negative
p0125_batch_acw10k,PHerc0125,w125,ink,0.00130,3,201.0,66.85,negative
p0125_batch_acw10k,PHerc0125,w125,ink_reverse,0.00066,2,199.0,66.6,negative
p0125_batch_acw10k,PHerc0125,w127,ink,0.00088,3,200.0,59.36,negative
p0125_batch_acw10k,PHerc0125,w127,ink_reverse,0.00268,11,204.0,60.26,negative
p0125_batch_acw10k,PHerc0125,w129,ink,0.00042,1,197.0,52.03,negative
p0125_batch_acw10k,PHerc0125,w129,ink_reverse,0.00132,6,201.0,51.97,negative
p0125_batch_acw30k,PHerc0125,w020,ink,0.00000,0,188.0,90.9,negative
p0125_batch_acw30k,PHerc0125,w020,ink_reverse,0.00000,0,182.0,86.71,negative
p0125_batch_acw30k,PHerc0125,w022,ink,0.00003,0,189.0,88.41,negative
p0125_batch_acw30k,PHerc0125,w022,ink_reverse,0.00000,0,187.0,86.08,negative
p0125_batch_acw30k,PHerc0125,w023,ink,0.00060,1,199.0,92.96,negative
p0125_batch_acw30k,PHerc0125,w023,ink_reverse,0.00000,0,185.0,89.03,negative
p0125_batch_acw30k,PHerc0125,w025,ink,0.00056,1,199.0,86.2,negative
p0125_batch_acw30k,PHerc0125,w025,ink_reverse,0.00006,0,185.0,82.44,negative
p0125_batch_acw30k,PHerc0125,w026,ink,0.00014,0,192.0,83.58,negative
p0125_batch_acw30k,PHerc0125,w026,ink_reverse,0.00042,1,188.0,83.84,negative
p0125_batch_acw30k,PHerc0125,w028,ink,0.00001,0,188.0,85.03,negative
p0125_batch_acw30k,PHerc0125,w028,ink_reverse,0.00000,0,183.0,84.83,negative
p0125_batch_acw30k,PHerc0125,w029,ink,0.00013,0,192.0,86.74,negative
p0125_batch_acw30k,PHerc0125,w029,ink_reverse,0.00001,0,190.0,88.39,negative
p0125_batch_acw30k,PHerc0125,w031,ink,0.00000,0,188.0,85.36,negative
p0125_batch_acw30k,PHerc0125,w031,ink_reverse,0.00074,1,199.0,86.22,negative
p0125_batch_acw30k,PHerc0125,w032,ink,0.00000,0,189.0,85.97,negative
p0125_batch_acw30k,PHerc0125,w032,ink_reverse,0.00001,0,191.0,87.94,negative
p0125_batch_acw30k,PHerc0125,w034,ink,0.00024,0,198.0,90.68,negative
p0125_batch_acw30k,PHerc0125,w034,ink_reverse,0.00018,1,192.0,88.71,negative
p0125_batch_acw30k,PHerc0125,w035,ink,0.00037,1,197.0,90.18,negative
p0125_batch_acw30k,PHerc0125,w035,ink_reverse,0.00004,0,192.0,90.47,negative
p0125_batch_acw30k,PHerc0125,w037,ink,0.00013,0,194.0,90.41,negative
p0125_batch_acw30k,PHerc0125,w037,ink_reverse,0.00008,0,190.0,89.6,negative
p0125_batch_acw30k,PHerc0125,w038,ink,0.00036,1,195.0,91.85,negative
p0125_batch_acw30k,PHerc0125,w038,ink_reverse,0.00000,0,189.0,89.38,negative
p0125_batch_acw30k,PHerc0125,w040,ink,0.00000,0,186.0,89.5,negative
p0125_batch_acw30k,PHerc0125,w040,ink_reverse,0.00025,1,194.0,89.67,negative
p0125_batch_acw30k,PHerc0125,w041,ink,0.00000,0,183.0,88.34,negative
p0125_batch_acw30k,PHerc0125,w041,ink_reverse,0.00004,0,188.0,89.02,negative
p0125_batch_acw30k,PHerc0125,w043,ink,0.00019,0,194.0,87.39,negative
p0125_batch_acw30k,PHerc0125,w043,ink_reverse,0.00013,0,189.0,85.86,negative
p0125_batch_acw30k,PHerc0125,w044,ink,0.00000,0,183.0,84.29,negative
p0125_batch_acw30k,PHerc0125,w044,ink_reverse,0.00000,0,184.0,85.55,negative
p0125_batch_acw30k,PHerc0125,w046,ink,0.00001,0,180.0,83.4,negative
p0125_batch_acw30k,PHerc0125,w046,ink_reverse,0.00001,0,186.0,82.62,negative
p0125_batch_acw30k,PHerc0125,w047,ink,0.00003,0,181.0,84.18,negative
p0125_batch_acw30k,PHerc0125,w047,ink_reverse,0.00002,0,184.0,83.1,negative
p0125_batch_acw30k,PHerc0125,w049,ink,0.00002,0,185.0,83.74,negative
p0125_batch_acw30k,PHerc0125,w049,ink_reverse,0.00002,0,188.0,84.92,negative
p0125_batch_acw30k,PHerc0125,w050,ink,0.00017,1,190.0,83.26,negative
p0125_batch_acw30k,PHerc0125,w050,ink_reverse,0.00000,0,188.0,84.79,negative
p0125_batch_acw30k,PHerc0125,w052,ink,0.00000,0,184.0,84.43,negative
p0125_batch_acw30k,PHerc0125,w052,ink_reverse,0.00000,0,179.0,85.94,negative
p0125_batch_acw30k,PHerc0125,w053,ink,0.00000,0,186.0,86.82,negative
p0125_batch_acw30k,PHerc0125,w053,ink_reverse,0.00002,0,182.0,86.94,negative
p0125_batch_acw30k,PHerc0125,w055,ink,0.00000,0,180.0,81.9,negative
p0125_batch_acw30k,PHerc0125,w055,ink_reverse,0.00000,0,168.0,83.19,negative
p0125_batch_acw30k,PHerc0125,w056,ink,0.00005,0,183.0,81.6,negative
p0125_batch_acw30k,PHerc0125,w056,ink_reverse,0.00000,0,182.0,81.86,negative
p0125_batch_acw30k,PHerc0125,w058,ink,0.00010,0,176.0,79.81,negative
p0125_batch_acw30k,PHerc0125,w058,ink_reverse,0.00000,0,165.0,78.69,negative
p0125_batch_acw30k,PHerc0125,w059,ink,0.00000,0,171.0,80.72,negative
p0125_batch_acw30k,PHerc0125,w059,ink_reverse,0.00000,0,172.0,80.8,negative
p0125_batch_acw30k,PHerc0125,w061,ink,0.00002,0,185.0,83.01,negative
p0125_batch_acw30k,PHerc0125,w061,ink_reverse,0.00000,0,180.0,84.16,negative
p0125_batch_acw30k,PHerc0125,w062,ink,0.00000,0,188.0,82.97,negative
p0125_batch_acw30k,PHerc0125,w062,ink_reverse,0.00001,0,183.0,83.6,negative
p0125_batch_acw30k,PHerc0125,w064,ink,0.00015,1,185.0,83.23,negative
p0125_batch_acw30k,PHerc0125,w064,ink_reverse,0.00000,0,176.0,82.21,negative
p0125_batch_acw30k,PHerc0125,w065,ink,0.00000,0,177.0,80.99,negative
p0125_batch_acw30k,PHerc0125,w065,ink_reverse,0.00018,1,184.0,81.81,negative
p0125_batch_acw30k,PHerc0125,w067,ink,0.00001,0,179.0,80.85,negative
p0125_batch_acw30k,PHerc0125,w067,ink_reverse,0.00015,1,185.0,83.32,negative
p0125_batch_acw30k,PHerc0125,w068,ink,0.00013,0,189.0,82.11,negative
p0125_batch_acw30k,PHerc0125,w068,ink_reverse,0.00000,0,185.0,82.59,negative
p0125_batch_acw30k,PHerc0125,w070,ink,0.00002,0,190.0,83.94,negative
p0125_batch_acw30k,PHerc0125,w070,ink_reverse,0.00000,0,183.0,84.44,negative
p0125_batch_acw30k,PHerc0125,w071,ink,0.00003,0,191.0,86.54,negative
p0125_batch_acw30k,PHerc0125,w071,ink_reverse,0.00006,0,188.0,84.57,negative
p0125_batch_acw30k,PHerc0125,w073,ink,0.00004,0,191.0,86.7,negative
p0125_batch_acw30k,PHerc0125,w073,ink_reverse,0.00011,1,185.0,85.06,negative
p0125_batch_acw30k,PHerc0125,w074,ink,0.00001,0,186.0,86.92,negative
p0125_batch_acw30k,PHerc0125,w074,ink_reverse,0.00006,0,183.0,84.44,negative
p0125_batch_acw30k,PHerc0125,w076,ink,0.00001,0,190.0,85.35,negative
p0125_batch_acw30k,PHerc0125,w076,ink_reverse,0.00000,0,176.0,83.81,negative
p0125_batch_acw30k,PHerc0125,w077,ink,0.00013,1,183.0,85.1,negative
p0125_batch_acw30k,PHerc0125,w077,ink_reverse,0.00000,0,180.0,84.7,negative
p0125_batch_acw30k,PHerc0125,w079,ink,0.00000,0,188.0,82.57,negative
p0125_batch_acw30k,PHerc0125,w079,ink_reverse,0.00011,0,190.0,83.35,negative
p0125_batch_acw30k,PHerc0125,w080,ink,0.00059,3,199.0,84.56,negative
p0125_batch_acw30k,PHerc0125,w080,ink_reverse,0.00031,1,197.0,86.64,negative
p0125_batch_acw30k,PHerc0125,w082,ink,0.00068,2,199.0,85.09,negative
p0125_batch_acw30k,PHerc0125,w082,ink_reverse,0.00021,1,189.0,83.94,negative
p0125_batch_acw30k,PHerc0125,w083,ink,0.00004,0,188.0,83.71,negative
p0125_batch_acw30k,PHerc0125,w083,ink_reverse,0.00000,0,183.0,84.08,negative
p0125_batch_acw30k,PHerc0125,w085,ink,0.00002,0,189.0,82.95,negative
p0125_batch_acw30k,PHerc0125,w085,ink_reverse,0.00000,0,178.0,83.5,negative
p0125_batch_acw30k,PHerc0125,w086,ink,0.00000,0,178.0,82.95,negative
p0125_batch_acw30k,PHerc0125,w086,ink_reverse,0.00005,0,189.0,84.42,negative
p0125_batch_acw30k,PHerc0125,w088,ink,0.00018,1,189.0,85.11,negative
p0125_batch_acw30k,PHerc0125,w088,ink_reverse,0.00000,0,185.0,85.94,negative
p0125_batch_acw30k,PHerc0125,w089,ink,0.00000,0,184.0,83.15,negative
p0125_batch_acw30k,PHerc0125,w089,ink_reverse,0.00007,0,183.0,84.8,negative
p0191_batch,PHerc0191,w021,ink,0.00000,0,180.0,81.89,negative
p0191_batch,PHerc0191,w021,ink_reverse,0.00005,0,182.0,83.79,negative
p0191_batch,PHerc0191,w022,ink,0.00011,0,183.0,86.31,negative
p0191_batch,PHerc0191,w022,ink_reverse,0.00000,0,173.0,82.42,negative
p0191_batch,PHerc0191,w023,ink,0.00000,0,187.0,84.71,negative
p0191_batch,PHerc0191,w023,ink_reverse,0.00000,0,183.0,83.21,negative
p0191_batch,PHerc0191,w024,ink,0.00000,0,174.0,84.62,negative
p0191_batch,PHerc0191,w024,ink_reverse,0.00000,0,182.0,85.2,negative
p0191_batch,PHerc0191,w025,ink,0.00000,0,174.0,84.48,negative
p0191_batch,PHerc0191,w025,ink_reverse,0.00000,0,185.0,82.98,negative
p0191_batch,PHerc0191,w026,ink,0.00000,0,178.0,84.26,negative
p0191_batch,PHerc0191,w026,ink_reverse,0.00000,0,181.0,83.22,negative
p0191_batch,PHerc0191,w027,ink,0.00006,0,194.0,85.49,negative
p0191_batch,PHerc0191,w027,ink_reverse,0.00012,0,195.0,86.05,negative
p0191_batch,PHerc0191,w028,ink,0.00000,0,181.0,85.08,negative
p0191_batch,PHerc0191,w028,ink_reverse,0.00000,0,179.0,83.45,negative
p0191_batch,PHerc0191,w029,ink,0.00000,0,186.0,85.91,negative
p0191_batch,PHerc0191,w029,ink_reverse,0.00000,0,188.0,85.84,negative
p0191_batch,PHerc0191,w030,ink,0.00005,0,186.0,84.29,negative
p0191_batch,PHerc0191,w030,ink_reverse,0.00001,0,190.0,81.71,negative
p0191_batch,PHerc0191,w031,ink,0.00000,0,184.0,86.34,negative
p0191_batch,PHerc0191,w031,ink_reverse,0.00000,0,184.0,83.91,negative
p0191_batch,PHerc0191,w032,ink,0.00038,1,193.0,85.56,negative
p0191_batch,PHerc0191,w032,ink_reverse,0.00000,0,185.0,85.62,negative
p0191_batch,PHerc0191,w033,ink,0.00000,0,189.0,85.77,negative
p0191_batch,PHerc0191,w033,ink_reverse,0.00000,0,182.0,87.19,negative
p0191_batch,PHerc0191,w034,ink,0.00010,0,194.0,87.51,negative
p0191_batch,PHerc0191,w034,ink_reverse,0.00000,0,184.0,86.2,negative
p0191_batch,PHerc0191,w035,ink,0.00000,0,188.0,90.03,negative
p0191_batch,PHerc0191,w035,ink_reverse,0.00000,0,186.0,85.28,negative
p0191_batch,PHerc0191,w036,ink,0.00000,0,188.0,90.82,negative
p0191_batch,PHerc0191,w036,ink_reverse,0.00012,0,188.0,88.78,negative
p0191_batch,PHerc0191,w037,ink,0.00000,0,190.0,89.12,negative
p0191_batch,PHerc0191,w037,ink_reverse,0.00000,0,188.0,88.26,negative
p0191_batch,PHerc0191,w038,ink,0.00000,0,189.0,88.26,negative
p0191_batch,PHerc0191,w038,ink_reverse,0.00003,0,193.0,88.19,negative
p0191_batch,PHerc0191,w039,ink,0.00019,1,189.0,87.48,negative
p0191_batch,PHerc0191,w039,ink_reverse,0.00000,0,188.0,87.32,negative
p0191_batch,PHerc0191,w040,ink,0.00001,0,192.0,88.49,negative
p0191_batch,PHerc0191,w040,ink_reverse,0.00000,0,187.0,87.6,negative
p0191_batch,PHerc0191,w041,ink,0.00000,0,187.0,87.0,negative
p0191_batch,PHerc0191,w041,ink_reverse,0.00000,0,185.0,89.74,negative
p0191_batch,PHerc0191,w042,ink,0.00000,0,189.0,87.96,negative
p0191_batch,PHerc0191,w042,ink_reverse,0.00001,0,193.0,89.28,negative
p0191_batch,PHerc0191,w043,ink,0.00000,0,184.0,87.38,negative
p0191_batch,PHerc0191,w043,ink_reverse,0.00003,0,185.0,88.46,negative
p0191_batch,PHerc0191,w044,ink,0.00000,0,186.0,87.14,negative
p0191_batch,PHerc0191,w044,ink_reverse,0.00002,0,189.0,89.58,negative
p0191_batch,PHerc0191,w045,ink,0.00000,0,185.0,87.4,negative
p0191_batch,PHerc0191,w045,ink_reverse,0.00002,0,188.0,86.75,negative
p0191_batch,PHerc0191,w046,ink,0.00000,0,186.0,88.0,negative
p0191_batch,PHerc0191,w046,ink_reverse,0.00002,0,184.0,88.17,negative
p0191_batch,PHerc0191,w047,ink,0.00000,0,187.0,86.74,negative
p0191_batch,PHerc0191,w047,ink_reverse,0.00000,0,185.0,87.65,negative
p0191_batch,PHerc0191,w048,ink,0.00001,0,189.0,86.33,negative
p0191_batch,PHerc0191,w048,ink_reverse,0.00002,0,191.0,86.59,negative
p0191_batch,PHerc0191,w049,ink,0.00003,0,187.0,88.02,negative
p0191_batch,PHerc0191,w049,ink_reverse,0.00006,0,187.0,87.81,negative
p0191_batch,PHerc0191,w050,ink,0.00005,0,187.0,88.07,negative
p0191_batch,PHerc0191,w050,ink_reverse,0.00000,0,182.0,87.3,negative
p0191_batch,PHerc0191,w051,ink,0.00000,0,191.0,88.34,negative
p0191_batch,PHerc0191,w051,ink_reverse,0.00001,0,189.0,88.47,negative
p0191_batch,PHerc0191,w052,ink,0.00000,0,185.0,86.09,negative
p0191_batch,PHerc0191,w052,ink_reverse,0.00002,0,186.0,87.62,negative
p0191_batch,PHerc0191,w053,ink,0.00005,0,189.0,86.41,negative
p0191_batch,PHerc0191,w053,ink_reverse,0.00010,0,193.0,87.6,negative
p0191_batch,PHerc0191,w054,ink,0.00000,0,184.0,86.62,negative
p0191_batch,PHerc0191,w054,ink_reverse,0.00020,0,195.0,88.48,negative
p0191_batch,PHerc0191,w055,ink,0.00000,0,186.0,87.2,negative
p0191_batch,PHerc0191,w055,ink_reverse,0.00035,1,195.0,88.21,negative
p0191_batch,PHerc0191,w056,ink,0.00000,0,184.0,87.46,negative
p0191_batch,PHerc0191,w056,ink_reverse,0.00004,0,191.0,89.35,negative
p0191_batch,PHerc0191,w057,ink,0.00000,0,183.0,85.73,negative
p0191_batch,PHerc0191,w057,ink_reverse,0.00004,0,189.0,87.08,negative
p0191_batch,PHerc0191,w058,ink,0.00004,0,185.0,87.1,negative
p0191_batch,PHerc0191,w058,ink_reverse,0.00014,1,191.0,87.35,negative
p0191_batch,PHerc0191,w059,ink,0.00042,1,191.0,86.34,negative
p0191_batch,PHerc0191,w059,ink_reverse,0.00004,0,190.0,87.96,negative
p0191_batch,PHerc0191,w060,ink,0.00001,0,188.0,86.62,negative
p0191_batch,PHerc0191,w060,ink_reverse,0.00007,0,185.0,87.14,negative
p0191_batch,PHerc0191,w061,ink,0.00017,1,191.0,87.53,negative
p0191_batch,PHerc0191,w061,ink_reverse,0.00005,0,181.0,88.0,negative
p0191_batch,PHerc0191,w062,ink,0.00004,0,187.0,87.61,negative
p0191_batch,PHerc0191,w062,ink_reverse,0.00034,1,197.0,87.07,negative
p0191_batch,PHerc0191,w063,ink,0.00002,0,188.0,88.24,negative
p0191_batch,PHerc0191,w063,ink_reverse,0.00013,0,191.0,87.03,negative
p0191_batch,PHerc0191,w064,ink,0.00025,1,193.0,88.96,negative
p0191_batch,PHerc0191,w064,ink_reverse,0.00029,2,194.0,89.11,negative
p0191_batch,PHerc0191,w065,ink,0.00003,0,189.0,88.04,negative
p0191_batch,PHerc0191,w065,ink_reverse,0.00006,0,191.0,89.61,negative
p0191_batch,PHerc0191,w066,ink,0.00014,0,190.0,88.86,negative
p0191_batch,PHerc0191,w066,ink_reverse,0.00008,0,194.0,89.24,negative
p0191_batch,PHerc0191,w067,ink,0.00023,1,191.0,88.14,negative
p0191_batch,PHerc0191,w067,ink_reverse,0.00024,1,191.0,88.14,negative
p0191_batch,PHerc0191,w068,ink,0.00003,0,188.0,88.79,negative
p0191_batch,PHerc0191,w068,ink_reverse,0.00007,0,192.0,89.52,negative
p0191_batch,PHerc0191,w069,ink,0.00003,0,191.0,88.49,negative
p0191_batch,PHerc0191,w069,ink_reverse,0.00027,1,196.0,88.76,negative
p0191_batch,PHerc0191,w070,ink,0.00042,1,193.0,89.01,negative
p0191_batch,PHerc0191,w070,ink_reverse,0.00002,0,192.0,88.72,negative
p0191_batch,PHerc0191,w071,ink,0.00000,0,185.0,87.82,negative
p0191_batch,PHerc0191,w071,ink_reverse,0.00003,0,189.0,89.37,negative
p0191_batch,PHerc0191,w072,ink,0.00002,0,191.0,88.45,negative
p0191_batch,PHerc0191,w072,ink_reverse,0.00005,0,193.0,89.73,negative
p0191_batch,PHerc0191,w073,ink,0.00014,1,189.0,90.11,negative
p0191_batch,PHerc0191,w073,ink_reverse,0.00018,0,195.0,89.99,negative
p0191_batch,PHerc0191,w074,ink,0.00010,0,193.0,89.03,negative
p0191_batch,PHerc0191,w074,ink_reverse,0.00026,1,189.0,89.53,negative
p0191_batch,PHerc0191,w075,ink,0.00002,0,188.0,89.38,negative
p0191_batch,PHerc0191,w075,ink_reverse,0.00004,0,189.0,89.91,negative
p0191_batch,PHerc0191,w076,ink,0.00012,0,192.0,87.75,negative
p0191_batch,PHerc0191,w076,ink_reverse,0.00007,0,193.0,90.07,negative
p0191_batch,PHerc0191,w077,ink,0.00031,2,196.0,89.11,negative
p0191_batch,PHerc0191,w077,ink_reverse,0.00004,0,188.0,90.04,negative
p0191_batch,PHerc0191,w078,ink,0.00019,1,193.0,90.07,negative
p0191_batch,PHerc0191,w078,ink_reverse,0.00042,2,195.0,89.31,negative
p0191_batch,PHerc0191,w079,ink,0.00002,0,188.0,88.93,negative
p0191_batch,PHerc0191,w079,ink_reverse,0.00002,0,183.0,88.95,negative
p0191_batch,PHerc0191,w080,ink,0.00001,0,186.0,89.25,negative
p0191_batch,PHerc0191,w080,ink_reverse,0.00008,0,189.0,90.17,negative
p0191_batch,PHerc0191,w081,ink,0.00004,0,192.0,89.13,negative
p0191_batch,PHerc0191,w081,ink_reverse,0.00004,0,187.0,88.81,negative
p0191_batch,PHerc0191,w082,ink,0.00074,4,199.0,90.69,negative
p0191_batch,PHerc0191,w082,ink_reverse,0.00001,0,190.0,91.36,negative
p0191_batch,PHerc0191,w083,ink,0.00005,0,195.0,91.2,negative
p0191_batch,PHerc0191,w083,ink_reverse,0.00023,0,196.0,90.74,negative
p0191_batch,PHerc0191,w084,ink,0.00019,1,192.0,91.04,negative
p0191_batch,PHerc0191,w084,ink_reverse,0.00008,0,195.0,90.22,negative
p0191_batch,PHerc0191,w085,ink,0.00033,2,194.0,89.09,negative
p0191_batch,PHerc0191,w085,ink_reverse,0.00002,0,192.0,90.94,negative
p0191_batch,PHerc0191,w086,ink,0.00018,1,193.0,88.88,negative
p0191_batch,PHerc0191,w086,ink_reverse,0.00001,0,189.0,90.75,negative
p0191_batch,PHerc0191,w087,ink,0.00022,1,194.0,89.75,negative
p0191_batch,PHerc0191,w087,ink_reverse,0.00011,0,189.0,88.29,negative
p0191_batch,PHerc0191,w088,ink,0.00009,0,193.0,88.57,negative
p0191_batch,PHerc0191,w088,ink_reverse,0.00002,0,188.0,89.48,negative
p0191_batch,PHerc0191,w089,ink,0.00012,0,193.0,88.6,negative
p0191_batch,PHerc0191,w089,ink_reverse,0.00017,1,195.0,91.1,negative
p0191_batch,PHerc0191,w090,ink,0.00035,2,196.0,89.67,negative
p0191_batch,PHerc0191,w090,ink_reverse,0.00011,0,192.0,90.85,negative
p0191_batch,PHerc0191,w091,ink,0.00045,1,197.0,90.16,negative
p0191_batch,PHerc0191,w091,ink_reverse,0.00006,0,194.0,90.96,negative
p0191_batch,PHerc0191,w092,ink,0.00016,1,195.0,91.05,negative
p0191_batch,PHerc0191,w092,ink_reverse,0.00020,0,196.0,91.88,negative
p0191_batch,PHerc0191,w093,ink,0.00036,1,197.0,90.58,negative
p0191_batch,PHerc0191,w093,ink_reverse,0.00111,5,201.0,91.8,negative
p0191_batch,PHerc0191,w094,ink,0.00022,1,193.0,89.22,negative
p0191_batch,PHerc0191,w094,ink_reverse,0.00041,2,196.0,91.88,negative
p0191_batch,PHerc0191,w095,ink,0.00059,2,198.0,88.77,negative
p0191_batch,PHerc0191,w095,ink_reverse,0.00012,0,194.0,89.96,negative
p0191_batch,PHerc0191,w096,ink,0.00030,2,195.0,88.23,negative
p0191_batch,PHerc0191,w096,ink_reverse,0.00046,2,197.0,88.62,negative
p0191_batch,PHerc0191,w097,ink,0.00027,1,196.0,89.13,negative
p0191_batch,PHerc0191,w097,ink_reverse,0.00035,1,197.0,89.18,negative
p0191_batch,PHerc0191,w098,ink,0.00094,4,200.0,89.13,negative
p0191_batch,PHerc0191,w098,ink_reverse,0.00052,3,198.0,89.37,negative
p0191_batch,PHerc0191,w099,ink,0.00022,1,195.0,88.81,negative
p0191_batch,PHerc0191,w099,ink_reverse,0.00022,0,196.0,91.8,negative
p0211_b2_batch,PHerc0211,w021,ink,0.00086,0,200.0,87.37,negative
p0211_b2_batch,PHerc0211,w021,ink_reverse,0.00032,0,197.0,86.08,negative
p0211_b2_batch,PHerc0211,w022,ink,0.00014,0,197.0,95.24,negative
p0211_b2_batch,PHerc0211,w022,ink_reverse,0.00051,1,198.0,85.85,negative
p0211_b2_batch,PHerc0211,w023,ink,0.00043,0,198.0,91.17,negative
p0211_b2_batch,PHerc0211,w023,ink_reverse,0.00029,1,196.0,87.27,negative
p0211_b2_batch,PHerc0211,w024,ink,0.00013,0,196.0,87.39,negative
p0211_b2_batch,PHerc0211,w024,ink_reverse,0.00007,0,193.0,87.14,negative
p0211_b2_batch,PHerc0211,w025,ink,0.00043,1,197.0,86.45,negative
p0211_b2_batch,PHerc0211,w025,ink_reverse,0.00027,1,192.0,85.84,negative
p0211_b2_batch,PHerc0211,w026,ink,0.00140,1,202.0,89.13,negative
p0211_b2_batch,PHerc0211,w026,ink_reverse,0.00037,1,197.0,86.29,negative
p0211_b2_batch,PHerc0211,w027,ink,0.00016,0,196.0,89.36,negative
p0211_b2_batch,PHerc0211,w027,ink_reverse,0.00026,0,195.0,86.95,negative
p0211_b2_batch,PHerc0211,w028,ink,0.00092,1,200.0,88.15,negative
p0211_b2_batch,PHerc0211,w028,ink_reverse,0.00021,0,193.0,83.39,negative
p0211_b2_batch,PHerc0211,w029,ink,0.00090,1,200.0,91.05,negative
p0211_b2_batch,PHerc0211,w029,ink_reverse,0.00015,0,192.0,85.49,negative
p0211_b2_batch,PHerc0211,w030,ink,0.00001,0,193.0,91.26,negative
p0211_b2_batch,PHerc0211,w030,ink_reverse,0.00007,0,193.0,88.19,negative
p0211_b2_batch,PHerc0211,w031,ink,0.00000,0,186.0,85.85,negative
p0211_b2_batch,PHerc0211,w031,ink_reverse,0.00008,0,196.0,88.25,negative
p0211_b2_batch,PHerc0211,w032,ink,0.00003,0,194.0,86.92,negative
p0211_b2_batch,PHerc0211,w032,ink_reverse,0.00019,0,194.0,86.71,negative
p0211_b2_batch,PHerc0211,w033,ink,0.00006,0,193.0,91.94,negative
p0211_b2_batch,PHerc0211,w033,ink_reverse,0.00143,2,203.0,85.92,negative
p0211_b2_batch,PHerc0211,w034,ink,0.00003,0,195.0,90.91,negative
p0211_b2_batch,PHerc0211,w034,ink_reverse,0.00000,0,189.0,87.66,negative
p0211_b2_batch,PHerc0211,w035,ink,0.00006,0,194.0,88.35,negative
p0211_b2_batch,PHerc0211,w035,ink_reverse,0.00034,0,197.0,88.28,negative
p0211_b2_batch,PHerc0211,w036,ink,0.00000,0,186.0,87.42,negative
p0211_b2_batch,PHerc0211,w036,ink_reverse,0.00017,0,190.0,89.14,negative
p0211_b2_batch,PHerc0211,w037,ink,0.00011,0,194.0,89.52,negative
p0211_b2_batch,PHerc0211,w037,ink_reverse,0.00007,0,188.0,87.02,negative
p0211_b2_batch,PHerc0211,w038,ink,0.00012,0,195.0,89.03,negative
p0211_b2_batch,PHerc0211,w038,ink_reverse,0.00004,0,191.0,87.47,negative
p0211_b2_batch,PHerc0211,w039,ink,0.00000,0,183.0,88.4,negative
p0211_b2_batch,PHerc0211,w039,ink_reverse,0.00016,0,192.0,88.95,negative
p0211_b2_batch,PHerc0211,w040,ink,0.00066,1,199.0,88.58,negative
p0211_b2_batch,PHerc0211,w040,ink_reverse,0.00004,0,191.0,88.84,negative
p0211_b2_batch,PHerc0211,w041,ink,0.00020,0,196.0,88.12,negative
p0211_b2_batch,PHerc0211,w041,ink_reverse,0.00001,0,192.0,87.18,negative
p0211_b2_batch,PHerc0211,w042,ink,0.00017,0,195.0,89.72,negative
p0211_b2_batch,PHerc0211,w042,ink_reverse,0.00021,0,192.0,88.83,negative
p0211_b2_batch,PHerc0211,w043,ink,0.00004,0,191.0,87.4,negative
p0211_b2_batch,PHerc0211,w043,ink_reverse,0.00040,1,197.0,88.07,negative
p0211_b2_batch,PHerc0211,w044,ink,0.00091,2,200.0,91.09,negative
p0211_b2_batch,PHerc0211,w044,ink_reverse,0.00000,0,188.0,86.94,negative
p0211_b2_batch,PHerc0211,w045,ink,0.00190,4,202.0,91.34,negative
p0211_b2_batch,PHerc0211,w045,ink_reverse,0.00085,1,200.0,90.1,negative
p0211_b2_batch,PHerc0211,w046,ink,0.00264,4,203.0,91.35,negative
p0211_b2_batch,PHerc0211,w046,ink_reverse,0.00140,3,201.0,93.04,negative
p0211_b2_batch,PHerc0211,w047,ink,0.00043,2,198.0,89.34,negative
p0211_b2_batch,PHerc0211,w047,ink_reverse,0.00194,3,202.0,91.64,negative
p0211_b2_batch,PHerc0211,w048,ink,0.00022,0,193.0,88.66,negative
p0211_b2_batch,PHerc0211,w048,ink_reverse,0.00014,0,192.0,90.27,negative
p0211_b2_batch,PHerc0211,w049,ink,0.00022,1,196.0,88.5,negative
p0211_b2_batch,PHerc0211,w049,ink_reverse,0.00037,1,196.0,87.76,negative
p0211_b2_batch,PHerc0211,w050,ink,0.00073,2,199.0,90.45,negative
p0211_b2_batch,PHerc0211,w050,ink_reverse,0.00062,1,197.0,91.46,negative
p0211_b2_batch,PHerc0211,w051,ink,0.00013,0,193.0,90.74,negative
p0211_b2_batch,PHerc0211,w051,ink_reverse,0.00008,0,189.0,88.83,negative
p0211_b2_batch,PHerc0211,w052,ink,0.00164,4,203.0,92.53,negative
p0211_b2_batch,PHerc0211,w052,ink_reverse,0.00001,0,192.0,91.93,negative
p0211_b2_batch,PHerc0211,w053,ink,0.00124,4,201.0,90.67,negative
p0211_b2_batch,PHerc0211,w053,ink_reverse,0.00025,1,194.0,91.99,negative
p0211_b2_batch,PHerc0211,w054,ink,0.00001,0,189.0,89.34,negative
p0211_b2_batch,PHerc0211,w054,ink_reverse,0.00066,1,198.0,90.86,negative
p0211_b2_batch,PHerc0211,w055,ink,0.00007,0,193.0,92.27,negative
p0211_b2_batch,PHerc0211,w055,ink_reverse,0.00036,1,195.0,89.6,negative
p0211_b2_batch,PHerc0211,w056,ink,0.00011,0,194.0,90.49,negative
p0211_b2_batch,PHerc0211,w056,ink_reverse,0.00017,0,194.0,90.77,negative
p0211_b2_batch,PHerc0211,w057,ink,0.00026,0,194.0,90.31,negative
p0211_b2_batch,PHerc0211,w057,ink_reverse,0.00030,0,197.0,89.76,negative
p0211_b2_batch,PHerc0211,w058,ink,0.00010,0,191.0,90.92,negative
p0211_b2_batch,PHerc0211,w058,ink_reverse,0.00017,0,196.0,89.55,negative
p0211_b2_batch,PHerc0211,w059,ink,0.00016,0,194.0,91.99,negative
p0211_b2_batch,PHerc0211,w059,ink_reverse,0.00076,2,199.0,91.31,negative
p0211_b2_batch,PHerc0211,w060,ink,0.00012,0,193.0,90.58,negative
p0211_b2_batch,PHerc0211,w060,ink_reverse,0.00040,1,198.0,90.33,negative
p0211_b2_batch,PHerc0211,w061,ink,0.00037,1,198.0,92.56,negative
p0211_b2_batch,PHerc0211,w061,ink_reverse,0.00024,1,190.0,88.11,negative
p0211_b2_batch,PHerc0211,w062,ink,0.00016,0,195.0,92.67,negative
p0211_b2_batch,PHerc0211,w062,ink_reverse,0.00002,0,189.0,89.22,negative
p0211_b2_batch,PHerc0211,w063,ink,0.00017,0,192.0,91.02,negative
p0211_b2_batch,PHerc0211,w063,ink_reverse,0.00066,2,196.0,89.52,negative
p0211_b2_batch,PHerc0211,w064,ink,0.00062,2,199.0,91.34,negative
p0211_b2_batch,PHerc0211,w064,ink_reverse,0.00036,1,196.0,90.47,negative
p0211_b2_batch,PHerc0211,w065,ink,0.00052,2,198.0,91.97,negative
p0211_b2_batch,PHerc0211,w065,ink_reverse,0.00013,0,194.0,91.11,negative
p0211_b2_batch,PHerc0211,w066,ink,0.00036,1,196.0,91.07,negative
p0211_b2_batch,PHerc0211,w066,ink_reverse,0.00083,2,199.0,91.3,negative
p0211_b2_batch,PHerc0211,w067,ink,0.00004,0,192.0,90.44,negative
p0211_b2_batch,PHerc0211,w067,ink_reverse,0.00036,2,197.0,90.32,negative
p0211_b2_batch,PHerc0211,w068,ink,0.00047,1,196.0,91.42,negative
p0211_b2_batch,PHerc0211,w068,ink_reverse,0.00029,1,196.0,90.49,negative
p0211_b2_batch,PHerc0211,w069,ink,0.00007,0,193.0,91.11,negative
p0211_b2_batch,PHerc0211,w069,ink_reverse,0.00021,0,194.0,90.43,negative
p0211_b2_batch,PHerc0211,w070,ink,0.00066,3,198.0,93.07,negative
p0211_b2_batch,PHerc0211,w070,ink_reverse,0.00005,0,192.0,90.05,negative
p0211_b2_batch,PHerc0211,w071,ink,0.00000,0,188.0,90.83,negative
p0211_b2_batch,PHerc0211,w071,ink_reverse,0.00038,1,196.0,90.25,negative
p0211_b2_batch,PHerc0211,w072,ink,0.00009,0,195.0,91.72,negative
p0211_b2_batch,PHerc0211,w072,ink_reverse,0.00051,1,196.0,91.62,negative
p0211_b2_batch,PHerc0211,w073,ink,0.00027,1,192.0,91.79,negative
p0211_b2_batch,PHerc0211,w073,ink_reverse,0.00001,0,190.0,91.05,negative
p0211_b2_batch,PHerc0211,w074,ink,0.00011,1,190.0,92.6,negative
p0211_b2_batch,PHerc0211,w074,ink_reverse,0.00023,1,194.0,89.5,negative
p0211_b2_batch,PHerc0211,w075,ink,0.00005,0,189.0,91.43,negative
p0211_b2_batch,PHerc0211,w075,ink_reverse,0.00004,0,192.0,90.93,negative
p0211_b2_batch,PHerc0211,w076,ink,0.00025,0,195.0,91.27,negative
p0211_b2_batch,PHerc0211,w076,ink_reverse,0.00021,1,192.0,89.6,negative
p0211_b2_batch,PHerc0211,w077,ink,0.00034,1,194.0,92.49,negative
p0211_b2_batch,PHerc0211,w077,ink_reverse,0.00042,1,195.0,89.31,negative
p0211_b2_batch,PHerc0211,w078,ink,0.00008,0,191.0,91.6,negative
p0211_b2_batch,PHerc0211,w078,ink_reverse,0.00046,1,197.0,89.43,negative
p0211_b2_batch,PHerc0211,w079,ink,0.00008,0,191.0,90.1,negative
p0211_b2_batch,PHerc0211,w079,ink_reverse,0.00009,1,190.0,88.87,negative
p0211_b2_batch,PHerc0211,w080,ink,0.00019,0,195.0,90.97,negative
p0211_b2_batch,PHerc0211,w080,ink_reverse,0.00004,0,191.0,88.73,negative
p0211_b2_batch,PHerc0211,w081,ink,0.00006,0,193.0,92.83,negative
p0211_b2_batch,PHerc0211,w081,ink_reverse,0.00034,1,195.0,88.6,negative
p0211_b2_batch,PHerc0211,w082,ink,0.00015,1,194.0,91.28,negative
p0211_b2_batch,PHerc0211,w082,ink_reverse,0.00019,0,195.0,90.07,negative
p0211_b2_batch,PHerc0211,w083,ink,0.00023,1,195.0,91.68,negative
p0211_b2_batch,PHerc0211,w083,ink_reverse,0.00024,1,193.0,89.32,negative
p0211_b2_batch,PHerc0211,w084,ink,0.00005,0,192.0,90.68,negative
p0211_b2_batch,PHerc0211,w084,ink_reverse,0.00000,0,186.0,90.2,negative
p0211_b2_batch,PHerc0211,w085,ink,0.00007,0,189.0,90.06,negative
p0211_b2_batch,PHerc0211,w085,ink_reverse,0.00005,0,192.0,90.68,negative
p0211_b2_batch,PHerc0211,w086,ink,0.00001,0,192.0,90.27,negative
p0211_b2_batch,PHerc0211,w086,ink_reverse,0.00006,0,191.0,89.75,negative
p0211_b2_batch,PHerc0211,w087,ink,0.00018,1,193.0,91.85,negative
p0211_b2_batch,PHerc0211,w087,ink_reverse,0.00029,1,194.0,92.11,negative
p0211_b2_batch,PHerc0211,w088,ink,0.00006,0,191.0,91.12,negative
p0211_b2_batch,PHerc0211,w088,ink_reverse,0.00021,1,191.0,90.73,negative
p0211_b2_batch,PHerc0211,w089,ink,0.00007,0,193.0,91.3,negative
p0211_b2_batch,PHerc0211,w089,ink_reverse,0.00004,0,191.0,90.82,negative
p0211_batch_cw10k,PHerc0211,w021,ink,0.00030,0,193.0,81.6,negative
p0211_batch_cw10k,PHerc0211,w021,ink_reverse,0.00002,0,187.0,81.47,negative
p0211_batch_cw10k,PHerc0211,w024,ink,0.00304,5,204.0,87.05,negative
p0211_batch_cw10k,PHerc0211,w024,ink_reverse,0.00144,2,202.0,82.44,negative
p0211_batch_cw10k,PHerc0211,w027,ink,0.00125,2,201.0,84.63,negative
p0211_batch_cw10k,PHerc0211,w027,ink_reverse,0.00090,1,200.0,81.47,negative
p0211_batch_cw10k,PHerc0211,w030,ink,0.00048,0,198.0,85.47,negative
p0211_batch_cw10k,PHerc0211,w030,ink_reverse,0.00024,0,194.0,83.1,negative
p0211_batch_cw10k,PHerc0211,w033,ink,0.00004,0,192.0,83.22,negative
p0211_batch_cw10k,PHerc0211,w033,ink_reverse,0.00038,1,195.0,83.45,negative
p0211_batch_cw10k,PHerc0211,w036,ink,0.00000,0,178.0,81.84,negative
p0211_batch_cw10k,PHerc0211,w036,ink_reverse,0.00129,2,203.0,82.45,negative
p0211_batch_cw10k,PHerc0211,w039,ink,0.00054,1,196.0,83.14,negative
p0211_batch_cw10k,PHerc0211,w039,ink_reverse,0.00000,0,186.0,82.63,negative
p0211_batch_cw10k,PHerc0211,w042,ink,0.00044,2,197.0,84.14,negative
p0211_batch_cw10k,PHerc0211,w042,ink_reverse,0.00042,2,198.0,81.17,negative
p0211_batch_cw10k,PHerc0211,w045,ink,0.00092,2,200.0,85.7,negative
p0211_batch_cw10k,PHerc0211,w045,ink_reverse,0.00025,1,193.0,82.77,negative
p0211_batch_cw10k,PHerc0211,w048,ink,0.00043,1,197.0,85.06,negative
p0211_batch_cw10k,PHerc0211,w048,ink_reverse,0.00016,0,194.0,81.78,negative
p0211_batch_cw10k,PHerc0211,w051,ink,0.00022,0,192.0,84.66,negative
p0211_batch_cw10k,PHerc0211,w051,ink_reverse,0.00008,0,192.0,81.56,negative
p0211_batch_cw10k,PHerc0211,w054,ink,0.00015,0,193.0,86.49,negative
p0211_batch_cw10k,PHerc0211,w054,ink_reverse,0.00051,1,196.0,83.93,negative
p0211_batch_cw10k,PHerc0211,w057,ink,0.00011,0,194.0,86.14,negative
p0211_batch_cw10k,PHerc0211,w057,ink_reverse,0.00002,0,193.0,83.97,negative
p0211_batch_cw10k,PHerc0211,w060,ink,0.00001,0,186.0,83.59,negative
p0211_batch_cw10k,PHerc0211,w060,ink_reverse,0.00040,2,195.0,85.09,negative
p0211_batch_cw10k,PHerc0211,w063,ink,0.00018,1,191.0,85.7,negative
p0211_batch_cw10k,PHerc0211,w063,ink_reverse,0.00024,1,190.0,83.63,negative
p0211_batch_cw10k,PHerc0211,w066,ink,0.00003,0,190.0,84.58,negative
p0211_batch_cw10k,PHerc0211,w066,ink_reverse,0.00012,0,192.0,83.7,negative
p0211_batch_cw10k,PHerc0211,w069,ink,0.00024,1,195.0,83.35,negative
p0211_batch_cw10k,PHerc0211,w069,ink_reverse,0.00017,0,196.0,84.09,negative
p0211_batch_cw10k,PHerc0211,w072,ink,0.00004,0,189.0,83.82,negative
p0211_batch_cw10k,PHerc0211,w072,ink_reverse,0.00001,0,182.0,83.52,negative
p0211_batch_cw10k,PHerc0211,w075,ink,0.00000,0,188.0,83.69,negative
p0211_batch_cw10k,PHerc0211,w075,ink_reverse,0.00000,0,188.0,83.75,negative
p0211_batch_cw10k,PHerc0211,w078,ink,0.00004,0,186.0,86.04,negative
p0211_batch_cw10k,PHerc0211,w078,ink_reverse,0.00014,1,186.0,85.06,negative
p0211_batch_cw10k,PHerc0211,w081,ink,0.00022,2,191.0,87.29,negative
p0211_batch_cw10k,PHerc0211,w081,ink_reverse,0.00011,0,190.0,86.81,negative
p0211_batch_cw10k,PHerc0211,w084,ink,0.00052,2,198.0,87.82,negative
p0211_batch_cw10k,PHerc0211,w084,ink_reverse,0.00155,6,202.0,90.78,negative
p0211_batch_cw10k,PHerc0211,w087,ink,0.00023,1,195.0,87.88,negative
p0211_batch_cw10k,PHerc0211,w087,ink_reverse,0.00030,2,193.0,87.16,negative
p0211_batch_cw10k,PHerc0211,w090,ink,0.00032,1,195.0,88.77,negative
p0211_batch_cw10k,PHerc0211,w090,ink_reverse,0.00027,2,195.0,89.37,negative
p0211_batch_cw10k,PHerc0211,w093,ink,0.00013,0,194.0,89.05,negative
p0211_batch_cw10k,PHerc0211,w093,ink_reverse,0.00030,1,197.0,90.85,negative
p0211_batch_cw10k,PHerc0211,w096,ink,0.00032,2,195.0,86.07,negative
p0211_batch_cw10k,PHerc0211,w096,ink_reverse,0.00021,1,192.0,86.55,negative
p0211_batch_cw10k,PHerc0211,w099,ink,0.00054,1,199.0,93.45,negative
p0211_batch_cw10k,PHerc0211,w099,ink_reverse,0.00162,8,202.0,94.36,negative
p0211_batch_cw30k,PHerc0211,w021,ink,0.00052,0,198.0,88.02,negative
p0211_batch_cw30k,PHerc0211,w021,ink_reverse,0.00001,0,188.0,81.75,negative
p0211_batch_cw30k,PHerc0211,w022,ink,0.00028,1,191.0,83.57,negative
p0211_batch_cw30k,PHerc0211,w022,ink_reverse,0.00035,0,197.0,79.9,negative
p0211_batch_cw30k,PHerc0211,w023,ink,0.00027,0,192.0,83.25,negative
p0211_batch_cw30k,PHerc0211,w023,ink_reverse,0.00000,0,180.36000000010245,83.11,negative
p0211_batch_cw30k,PHerc0211,w024,ink,0.00055,1,195.0,84.15,negative
p0211_batch_cw30k,PHerc0211,w024,ink_reverse,0.00001,0,186.0,81.21,negative
p0211_batch_cw30k,PHerc0211,w025,ink,0.00001,0,186.0,85.64,negative
p0211_batch_cw30k,PHerc0211,w025,ink_reverse,0.00005,0,191.0,81.6,negative
p0211_batch_cw30k,PHerc0211,w026,ink,0.00228,2,207.0,84.83,negative
p0211_batch_cw30k,PHerc0211,w026,ink_reverse,0.00052,1,198.0,81.02,negative
p0211_batch_cw30k,PHerc0211,w027,ink,0.00084,1,200.0,87.28,negative
p0211_batch_cw30k,PHerc0211,w027,ink_reverse,0.00139,1,204.0,81.89,negative
p0211_batch_cw30k,PHerc0211,w028,ink,0.00141,3,202.0,89.79,negative
p0211_batch_cw30k,PHerc0211,w028,ink_reverse,0.00050,1,197.0,85.31,negative
p0211_batch_cw30k,PHerc0211,w029,ink,0.00123,2,201.0,94.76,negative
p0211_batch_cw30k,PHerc0211,w029,ink_reverse,0.00057,1,198.0,84.01,negative
p0211_batch_cw30k,PHerc0211,w030,ink,0.00164,3,202.0,89.71,negative
p0211_batch_cw30k,PHerc0211,w030,ink_reverse,0.00108,1,201.0,80.85,negative
p0211_batch_cw30k,PHerc0211,w031,ink,0.00001,0,189.0,81.99,negative
p0211_batch_cw30k,PHerc0211,w031,ink_reverse,0.00010,0,189.0,80.02,negative
p0211_batch_cw30k,PHerc0211,w032,ink,0.00100,1,200.0,86.5,negative
p0211_batch_cw30k,PHerc0211,w032,ink_reverse,0.00066,1,199.0,85.71,negative
p0211_batch_cw30k,PHerc0211,w033,ink,0.00027,1,190.0,82.9,negative
p0211_batch_cw30k,PHerc0211,w033,ink_reverse,0.00021,0,193.0,83.24,negative
p0211_batch_cw30k,PHerc0211,w034,ink,0.00002,0,192.0,86.08,negative
p0211_batch_cw30k,PHerc0211,w034,ink_reverse,0.00046,1,197.0,83.66,negative
p0211_batch_cw30k,PHerc0211,w035,ink,0.00030,0,197.0,85.55,negative
p0211_batch_cw30k,PHerc0211,w035,ink_reverse,0.00088,1,200.0,85.84,negative
p0211_batch_cw30k,PHerc0211,w036,ink,0.00003,0,186.0,83.32,negative
p0211_batch_cw30k,PHerc0211,w036,ink_reverse,0.00039,1,188.0,83.33,negative
p0211_batch_cw30k,PHerc0211,w037,ink,0.00000,0,184.0,85.09,negative
p0211_batch_cw30k,PHerc0211,w037,ink_reverse,0.00018,0,195.0,84.36,negative
p0211_batch_cw30k,PHerc0211,w038,ink,0.00036,0,197.0,86.94,negative
p0211_batch_cw30k,PHerc0211,w038,ink_reverse,0.00111,2,202.0,82.76,negative
p0211_batch_cw30k,PHerc0211,w039,ink,0.00054,1,198.0,87.13,negative
p0211_batch_cw30k,PHerc0211,w039,ink_reverse,0.00045,1,198.0,84.66,negative
p0211_batch_cw30k,PHerc0211,w040,ink,0.00078,2,199.0,87.92,negative
p0211_batch_cw30k,PHerc0211,w040,ink_reverse,0.00100,2,200.0,84.32,negative
p0211_batch_cw30k,PHerc0211,w041,ink,0.00003,0,190.0,83.9,negative
p0211_batch_cw30k,PHerc0211,w041,ink_reverse,0.00027,0,196.0,84.97,negative
p0211_batch_cw30k,PHerc0211,w042,ink,0.00008,0,194.0,85.17,negative
p0211_batch_cw30k,PHerc0211,w042,ink_reverse,0.00033,1,191.0,81.81,negative
p0211_batch_cw30k,PHerc0211,w043,ink,0.00035,1,196.0,83.74,negative
p0211_batch_cw30k,PHerc0211,w043,ink_reverse,0.00018,0,196.0,79.11,negative
p0211_batch_cw30k,PHerc0211,w044,ink,0.00018,0,196.0,84.05,negative
p0211_batch_cw30k,PHerc0211,w044,ink_reverse,0.00000,0,183.0,79.81,negative
p0211_batch_cw30k,PHerc0211,w045,ink,0.00027,0,195.0,84.22,negative
p0211_batch_cw30k,PHerc0211,w045,ink_reverse,0.00012,0,192.0,79.95,negative
p0211_batch_cw30k,PHerc0211,w046,ink,0.00001,0,193.0,84.59,negative
p0211_batch_cw30k,PHerc0211,w046,ink_reverse,0.00025,0,195.0,81.65,negative
p0211_batch_cw30k,PHerc0211,w047,ink,0.00045,1,198.0,82.92,negative
p0211_batch_cw30k,PHerc0211,w047,ink_reverse,0.00038,2,194.0,81.79,negative
p0211_batch_cw30k,PHerc0211,w048,ink,0.00030,1,196.0,82.28,negative
p0211_batch_cw30k,PHerc0211,w048,ink_reverse,0.00032,1,196.0,82.78,negative
p0211_batch_cw30k,PHerc0211,w049,ink,0.00013,0,194.0,85.7,negative
p0211_batch_cw30k,PHerc0211,w049,ink_reverse,0.00002,0,189.0,80.78,negative
p0211_batch_cw30k,PHerc0211,w050,ink,0.00014,1,190.0,83.25,negative
p0211_batch_cw30k,PHerc0211,w050,ink_reverse,0.00000,0,187.0,80.04,negative
p0211_batch_cw30k,PHerc0211,w051,ink,0.00033,0,198.0,85.41,negative
p0211_batch_cw30k,PHerc0211,w051,ink_reverse,0.00016,0,195.0,83.2,negative
p0211_batch_cw30k,PHerc0211,w052,ink,0.00091,2,200.0,85.9,negative
p0211_batch_cw30k,PHerc0211,w052,ink_reverse,0.00033,0,197.0,85.96,negative
p0211_batch_cw30k,PHerc0211,w053,ink,0.00081,1,199.0,86.06,negative
p0211_batch_cw30k,PHerc0211,w053,ink_reverse,0.00030,1,192.0,82.57,negative
p0211_batch_cw30k,PHerc0211,w054,ink,0.00001,0,189.0,84.9,negative
p0211_batch_cw30k,PHerc0211,w054,ink_reverse,0.00001,0,188.0,82.18,negative
p0211_batch_cw30k,PHerc0211,w055,ink,0.00007,0,194.0,82.46,negative
p0211_batch_cw30k,PHerc0211,w055,ink_reverse,0.00142,3,202.0,81.4,negative
p0211_batch_cw30k,PHerc0211,w056,ink,0.00000,0,184.0,81.93,negative
p0211_batch_cw30k,PHerc0211,w056,ink_reverse,0.00013,0,194.0,82.0,negative
p0211_batch_cw30k,PHerc0211,w057,ink,0.00005,0,193.0,84.77,negative
p0211_batch_cw30k,PHerc0211,w057,ink_reverse,0.00042,2,196.0,83.09,negative
p0211_batch_cw30k,PHerc0211,w058,ink,0.00043,1,196.0,87.79,negative
p0211_batch_cw30k,PHerc0211,w058,ink_reverse,0.00000,0,182.0,85.14,negative
p0211_batch_cw30k,PHerc0211,w059,ink,0.00008,0,194.0,89.39,negative
p0211_batch_cw30k,PHerc0211,w059,ink_reverse,0.00017,0,196.0,87.32,negative
p0211_batch_cw30k,PHerc0211,w060,ink,0.00022,1,195.0,86.64,negative
p0211_batch_cw30k,PHerc0211,w060,ink_reverse,0.00066,3,199.0,88.59,negative
p0211_batch_cw30k,PHerc0211,w061,ink,0.00002,0,191.0,85.11,negative
p0211_batch_cw30k,PHerc0211,w061,ink_reverse,0.00019,0,195.0,84.44,negative
p0211_batch_cw30k,PHerc0211,w062,ink,0.00007,0,191.0,84.84,negative
p0211_batch_cw30k,PHerc0211,w062,ink_reverse,0.00023,1,189.0,83.37,negative
p0211_batch_cw30k,PHerc0211,w063,ink,0.00000,0,186.0,85.65,negative
p0211_batch_cw30k,PHerc0211,w063,ink_reverse,0.00000,0,189.0,84.98,negative
p0211_batch_cw30k,PHerc0211,w064,ink,0.00010,1,185.0,83.83,negative
p0211_batch_cw30k,PHerc0211,w064,ink_reverse,0.00005,0,188.0,83.56,negative
p0211_batch_cw30k,PHerc0211,w065,ink,0.00011,0,191.0,83.59,negative
p0211_batch_cw30k,PHerc0211,w065,ink_reverse,0.00022,1,185.0,83.02,negative
p0211_batch_cw30k,PHerc0211,w066,ink,0.00010,0,186.0,84.02,negative
p0211_batch_cw30k,PHerc0211,w066,ink_reverse,0.00022,1,195.0,84.86,negative
p0211_batch_cw30k,PHerc0211,w067,ink,0.00003,0,190.0,86.17,negative
p0211_batch_cw30k,PHerc0211,w067,ink_reverse,0.00021,0,196.0,85.15,negative
p0211_batch_cw30k,PHerc0211,w068,ink,0.00001,0,186.0,83.91,negative
p0211_batch_cw30k,PHerc0211,w068,ink_reverse,0.00002,0,187.0,84.24,negative
p0211_batch_cw30k,PHerc0211,w069,ink,0.00002,0,185.0,83.77,negative
p0211_batch_cw30k,PHerc0211,w069,ink_reverse,0.00013,0,185.0,84.04,negative
p0211_batch_cw30k,PHerc0211,w070,ink,0.00025,1,195.0,84.7,negative
p0211_batch_cw30k,PHerc0211,w070,ink_reverse,0.00008,0,184.0,83.04,negative
p0211_batch_cw30k,PHerc0211,w071,ink,0.00000,0,190.0,84.27,negative
p0211_batch_cw30k,PHerc0211,w071,ink_reverse,0.00022,1,193.0,82.46,negative
p0211_batch_cw30k,PHerc0211,w072,ink,0.00009,1,183.0,83.08,negative
p0211_batch_cw30k,PHerc0211,w072,ink_reverse,0.00037,1,194.0,82.46,negative
p0211_batch_cw30k,PHerc0211,w073,ink,0.00016,1,189.0,83.32,negative
p0211_batch_cw30k,PHerc0211,w073,ink_reverse,0.00016,1,187.0,81.43,negative
p0211_batch_cw30k,PHerc0211,w074,ink,0.00006,0,183.0,83.3,negative
p0211_batch_cw30k,PHerc0211,w074,ink_reverse,0.00001,0,180.0,83.15,negative
p0211_batch_cw30k,PHerc0211,w075,ink,0.00014,1,184.0,83.38,negative
p0211_batch_cw30k,PHerc0211,w075,ink_reverse,0.00002,0,184.0,82.63,negative
p0211_batch_cw30k,PHerc0211,w076,ink,0.00029,1,189.0,82.69,negative
p0211_batch_cw30k,PHerc0211,w076,ink_reverse,0.00003,0,178.0,82.92,negative
p0211_batch_cw30k,PHerc0211,w077,ink,0.00012,0,190.0,84.11,negative
p0211_batch_cw30k,PHerc0211,w077,ink_reverse,0.00003,0,190.0,84.2,negative
p0211_batch_cw30k,PHerc0211,w078,ink,0.00000,0,186.0,83.09,negative
p0211_batch_cw30k,PHerc0211,w078,ink_reverse,0.00000,0,178.0,83.27,negative
p0211_batch_cw30k,PHerc0211,w079,ink,0.00011,0,188.0,84.82,negative
p0211_batch_cw30k,PHerc0211,w079,ink_reverse,0.00007,0,188.0,84.04,negative
p0211_batch_cw30k,PHerc0211,w080,ink,0.00006,0,180.0,85.56,negative
p0211_batch_cw30k,PHerc0211,w080,ink_reverse,0.00001,0,183.0,84.42,negative
p0211_batch_cw30k,PHerc0211,w081,ink,0.00002,0,184.0,85.83,negative
p0211_batch_cw30k,PHerc0211,w081,ink_reverse,0.00027,2,194.0,85.7,negative
p0211_batch_cw30k,PHerc0211,w082,ink,0.00001,0,185.0,85.54,negative
p0211_batch_cw30k,PHerc0211,w082,ink_reverse,0.00000,0,187.0,85.74,negative
p0211_batch_cw30k,PHerc0211,w083,ink,0.00014,1,191.0,87.16,negative
p0211_batch_cw30k,PHerc0211,w083,ink_reverse,0.00028,2,190.0,85.93,negative
p0211_batch_cw30k,PHerc0211,w084,ink,0.00022,1,194.0,88.9,negative
p0211_batch_cw30k,PHerc0211,w084,ink_reverse,0.00036,1,194.0,86.48,negative
p0211_batch_cw30k,PHerc0211,w085,ink,0.00076,3,199.0,88.26,negative
p0211_batch_cw30k,PHerc0211,w085,ink_reverse,0.00087,2,199.0,89.92,negative
p0211_batch_cw30k,PHerc0211,w086,ink,0.00047,2,198.0,88.1,negative
p0211_batch_cw30k,PHerc0211,w086,ink_reverse,0.00110,3,201.0,91.0,negative
p0211_batch_cw30k,PHerc0211,w087,ink,0.00003,0,188.0,85.68,negative
p0211_batch_cw30k,PHerc0211,w087,ink_reverse,0.00063,2,199.0,88.85,negative
p0211_batch_cw30k,PHerc0211,w088,ink,0.00012,1,186.0,86.43,negative
p0211_batch_cw30k,PHerc0211,w088,ink_reverse,0.00048,1,195.0,86.76,negative
p0211_batch_cw30k,PHerc0211,w089,ink,0.00022,1,193.0,89.45,negative
p0211_batch_cw30k,PHerc0211,w089,ink_reverse,0.00032,2,196.0,89.56,negative
p0257_b2_batch,PHerc0257,w021,ink,0.00000,0,189.0,89.29,negative
p0257_b2_batch,PHerc0257,w021,ink_reverse,0.00009,0,191.0,90.08,negative
p0257_b2_batch,PHerc0257,w024,ink,0.00007,0,190.0,82.93,negative
p0257_b2_batch,PHerc0257,w024,ink_reverse,0.00000,0,184.0,84.11,negative
p0257_b2_batch,PHerc0257,w027,ink,0.00000,0,181.0,83.18,negative
p0257_b2_batch,PHerc0257,w027,ink_reverse,0.00002,0,181.0,82.14,negative
p0257_b2_batch,PHerc0257,w030,ink,0.00003,0,192.0,81.53,negative
p0257_b2_batch,PHerc0257,w030,ink_reverse,0.00000,0,183.0,82.21,negative
p0257_b2_batch,PHerc0257,w033,ink,0.00001,0,191.0,86.15,negative
p0257_b2_batch,PHerc0257,w033,ink_reverse,0.00013,0,191.0,80.59,negative
p0257_b2_batch,PHerc0257,w036,ink,0.00016,0,187.0,85.31,negative
p0257_b2_batch,PHerc0257,w036,ink_reverse,0.00019,0,187.0,79.44,negative
p0257_b2_batch,PHerc0257,w039,ink,0.00000,0,182.0,84.09,negative
p0257_b2_batch,PHerc0257,w039,ink_reverse,0.00098,2,200.0,83.19,negative
p0257_b2_batch,PHerc0257,w042,ink,0.00010,0,194.0,83.43,negative
p0257_b2_batch,PHerc0257,w042,ink_reverse,0.00037,0,197.0,84.57,negative
p0257_b2_batch,PHerc0257,w045,ink,0.00063,1,199.0,83.36,negative
p0257_b2_batch,PHerc0257,w045,ink_reverse,0.00018,0,194.0,83.73,negative
p0257_b2_batch,PHerc0257,w048,ink,0.00025,0,194.0,84.85,negative
p0257_b2_batch,PHerc0257,w048,ink_reverse,0.00042,1,197.0,83.88,negative
p0257_b2_batch,PHerc0257,w051,ink,0.00027,1,195.0,85.34,negative
p0257_b2_batch,PHerc0257,w051,ink_reverse,0.00023,1,193.0,82.8,negative
p0257_b2_batch,PHerc0257,w054,ink,0.00007,0,189.0,84.04,negative
p0257_b2_batch,PHerc0257,w054,ink_reverse,0.00018,0,193.0,83.15,negative
p0257_b2_batch,PHerc0257,w057,ink,0.00039,0,198.0,84.07,negative
p0257_b2_batch,PHerc0257,w057,ink_reverse,0.00067,3,199.0,85.82,negative
p0257_b2_batch,PHerc0257,w060,ink,0.00002,0,187.0,81.96,negative
p0257_b2_batch,PHerc0257,w060,ink_reverse,0.00002,0,191.0,81.68,negative
p0257_b2_batch,PHerc0257,w063,ink,0.00001,0,188.0,81.91,negative
p0257_b2_batch,PHerc0257,w063,ink_reverse,0.00000,0,175.0,80.33,negative
p0257_b2_batch,PHerc0257,w066,ink,0.00057,2,197.0,81.6,negative
p0257_b2_batch,PHerc0257,w066,ink_reverse,0.00001,0,188.0,82.37,negative
p0257_b2_batch,PHerc0257,w069,ink,0.00001,0,185.0,82.15,negative
p0257_b2_batch,PHerc0257,w069,ink_reverse,0.00031,1,191.0,82.9,negative
p0257_b2_batch,PHerc0257,w072,ink,0.00002,0,187.0,83.58,negative
p0257_b2_batch,PHerc0257,w072,ink_reverse,0.00020,1,187.0,85.46,negative
p0257_b2_batch,PHerc0257,w075,ink,0.00001,0,174.0,80.55,negative
p0257_b2_batch,PHerc0257,w075,ink_reverse,0.00001,0,181.0,82.56,negative
p0257_b2_batch,PHerc0257,w078,ink,0.00001,0,182.0,83.95,negative
p0257_b2_batch,PHerc0257,w078,ink_reverse,0.00004,0,183.0,82.29,negative
p0257_b2_batch,PHerc0257,w081,ink,0.00000,0,177.0,82.96,negative
p0257_b2_batch,PHerc0257,w081,ink_reverse,0.00000,0,177.0,82.45,negative
p0257_b2_batch,PHerc0257,w084,ink,0.00007,0,186.0,83.56,negative
p0257_b2_batch,PHerc0257,w084,ink_reverse,0.00005,0,188.0,82.77,negative
p0257_b2_batch,PHerc0257,w087,ink,0.00010,1,191.0,84.11,negative
p0257_b2_batch,PHerc0257,w087,ink_reverse,0.00013,1,187.0,83.45,negative
p0257_batch,PHerc0257,w021,ink,0.00149,2,203.0,91.46,negative
p0257_batch,PHerc0257,w021,ink_reverse,0.00025,0,198.0,89.16,negative
p0257_batch,PHerc0257,w022,ink,0.00022,0,197.0,88.16,negative
p0257_batch,PHerc0257,w022,ink_reverse,0.00447,4,204.0,94.31,inspect
p0257_batch,PHerc0257,w023,ink,0.00197,3,202.0,89.41,negative
p0257_batch,PHerc0257,w023,ink_reverse,0.00126,1,201.0,93.25,negative
p0257_batch,PHerc0257,w024,ink,0.00080,1,200.0,88.2,negative
p0257_batch,PHerc0257,w024,ink_reverse,0.00071,1,200.0,84.31,negative
p0257_batch,PHerc0257,w025,ink,0.00063,1,199.0,85.45,negative
p0257_batch,PHerc0257,w025,ink_reverse,0.00143,3,202.0,86.09,negative
p0257_batch,PHerc0257,w026,ink,0.00060,0,199.0,90.59,negative
p0257_batch,PHerc0257,w026,ink_reverse,0.00151,2,201.0,91.58,negative
p0257_batch,PHerc0257,w027,ink,0.00100,2,200.0,92.85,negative
p0257_batch,PHerc0257,w027,ink_reverse,0.00027,0,198.0,86.47,negative
p0257_batch,PHerc0257,w028,ink,0.00007,0,194.0,87.49,negative
p0257_batch,PHerc0257,w028,ink_reverse,0.00179,4,203.0,88.8,negative
p0257_batch,PHerc0257,w029,ink,0.00000,0,188.0,80.7,negative
p0257_batch,PHerc0257,w029,ink_reverse,0.00250,5,204.0,88.44,negative
p0257_batch,PHerc0257,w030,ink,0.00012,0,194.0,80.96,negative
p0257_batch,PHerc0257,w030,ink_reverse,0.00110,1,201.0,83.59,negative
p0257_batch,PHerc0257,w031,ink,0.00074,1,198.0,82.56,negative
p0257_batch,PHerc0257,w031,ink_reverse,0.00072,2,199.0,84.28,negative
p0257_batch,PHerc0257,w032,ink,0.00086,1,200.0,82.43,negative
p0257_batch,PHerc0257,w032,ink_reverse,0.00064,0,199.0,83.81,negative
p0257_batch,PHerc0257,w033,ink,0.00066,1,200.0,84.48,negative
p0257_batch,PHerc0257,w033,ink_reverse,0.00204,3,202.0,85.86,negative
p0257_batch,PHerc0257,w034,ink,0.00091,1,200.0,81.95,negative
p0257_batch,PHerc0257,w034,ink_reverse,0.00056,0,199.0,87.07,negative
p0257_batch,PHerc0257,w035,ink,0.00003,0,193.0,81.45,negative
p0257_batch,PHerc0257,w035,ink_reverse,0.00084,1,200.0,88.17,negative
p0257_batch,PHerc0257,w036,ink,0.00079,2,200.0,83.88,negative
p0257_batch,PHerc0257,w036,ink_reverse,0.00162,2,202.0,88.63,negative
p0257_batch,PHerc0257,w037,ink,0.00001,0,190.0,83.19,negative
p0257_batch,PHerc0257,w037,ink_reverse,0.00053,1,199.0,88.41,negative
p0257_batch,PHerc0257,w038,ink,0.00090,2,200.0,88.53,negative
p0257_batch,PHerc0257,w038,ink_reverse,0.00160,3,202.0,89.72,negative
p0257_batch,PHerc0257,w039,ink,0.00044,0,198.0,83.52,negative
p0257_batch,PHerc0257,w039,ink_reverse,0.00238,4,203.0,85.09,negative
p0257_batch,PHerc0257,w040,ink,0.00011,0,192.0,84.1,negative
p0257_batch,PHerc0257,w040,ink_reverse,0.00214,7,203.0,88.55,negative
p0257_batch,PHerc0257,w041,ink,0.00004,0,190.0,82.8,negative
p0257_batch,PHerc0257,w041,ink_reverse,0.00022,0,195.0,82.93,negative
p0257_batch,PHerc0257,w042,ink,0.00018,1,192.0,79.89,negative
p0257_batch,PHerc0257,w042,ink_reverse,0.00076,2,200.0,85.5,negative
p0257_batch,PHerc0257,w043,ink,0.00001,0,181.0,79.3,negative
p0257_batch,PHerc0257,w043,ink_reverse,0.00006,0,192.0,80.46,negative
p0257_batch,PHerc0257,w044,ink,0.00001,0,187.0,80.17,negative
p0257_batch,PHerc0257,w044,ink_reverse,0.00117,2,201.0,83.54,negative
p0257_batch,PHerc0257,w045,ink,0.00013,0,188.0,81.82,negative
p0257_batch,PHerc0257,w045,ink_reverse,0.00022,0,196.0,85.24,negative
p0257_batch,PHerc0257,w046,ink,0.00000,0,185.0,81.66,negative
p0257_batch,PHerc0257,w046,ink_reverse,0.00002,0,188.0,83.43,negative
p0257_batch,PHerc0257,w047,ink,0.00026,1,196.0,84.4,negative
p0257_batch,PHerc0257,w047,ink_reverse,0.00022,0,195.0,84.78,negative
p0257_batch,PHerc0257,w048,ink,0.00057,2,196.0,83.58,negative
p0257_batch,PHerc0257,w048,ink_reverse,0.00031,0,196.0,84.63,negative
p0257_batch,PHerc0257,w049,ink,0.00004,0,187.0,83.06,negative
p0257_batch,PHerc0257,w049,ink_reverse,0.00092,4,200.0,86.54,negative
p0257_batch,PHerc0257,w050,ink,0.00000,0,181.0,83.23,negative
p0257_batch,PHerc0257,w050,ink_reverse,0.00057,1,198.0,87.05,negative
p0257_batch,PHerc0257,w051,ink,0.00062,2,198.0,84.78,negative
p0257_batch,PHerc0257,w051,ink_reverse,0.00049,1,196.0,85.45,negative
p0257_batch,PHerc0257,w052,ink,0.00007,0,192.0,84.19,negative
p0257_batch,PHerc0257,w052,ink_reverse,0.00014,0,194.0,83.36,negative
p0257_batch,PHerc0257,w053,ink,0.00007,0,193.0,83.2,negative
p0257_batch,PHerc0257,w053,ink_reverse,0.00018,0,192.0,83.48,negative
p0257_batch,PHerc0257,w054,ink,0.00020,1,192.0,83.05,negative
p0257_batch,PHerc0257,w054,ink_reverse,0.00063,2,198.0,81.57,negative
p0257_batch,PHerc0257,w055,ink,0.00002,0,184.0,80.97,negative
p0257_batch,PHerc0257,w055,ink_reverse,0.00036,2,194.0,82.66,negative
p0257_batch,PHerc0257,w056,ink,0.00010,0,190.0,83.28,negative
p0257_batch,PHerc0257,w056,ink_reverse,0.00023,0,197.0,84.22,negative
p0257_batch,PHerc0257,w057,ink,0.00050,1,198.0,86.41,negative
p0257_batch,PHerc0257,w057,ink_reverse,0.00010,0,192.0,85.06,negative
p0257_batch,PHerc0257,w058,ink,0.00033,1,197.0,86.81,negative
p0257_batch,PHerc0257,w058,ink_reverse,0.00006,0,188.0,82.85,negative
p0257_batch,PHerc0257,w059,ink,0.00027,0,195.0,84.74,negative
p0257_batch,PHerc0257,w059,ink_reverse,0.00018,1,196.0,84.12,negative
p0257_batch,PHerc0257,w060,ink,0.00001,0,189.0,84.7,negative
p0257_batch,PHerc0257,w060,ink_reverse,0.00106,3,201.0,84.29,negative
p0257_batch,PHerc0257,w061,ink,0.00048,2,196.0,83.42,negative
p0257_batch,PHerc0257,w061,ink_reverse,0.00021,1,192.0,84.28,negative
p0257_batch,PHerc0257,w062,ink,0.00040,2,196.0,83.67,negative
p0257_batch,PHerc0257,w062,ink_reverse,0.00085,3,200.0,82.86,negative
p0257_batch,PHerc0257,w063,ink,0.00030,1,195.0,84.28,negative
p0257_batch,PHerc0257,w063,ink_reverse,0.00048,1,195.0,82.64,negative
p0257_batch,PHerc0257,w064,ink,0.00021,1,194.0,84.53,negative
p0257_batch,PHerc0257,w064,ink_reverse,0.00086,4,200.0,85.15,negative
p0257_batch,PHerc0257,w065,ink,0.00046,1,197.0,82.85,negative
p0257_batch,PHerc0257,w065,ink_reverse,0.00013,0,192.0,84.02,negative
p0257_batch,PHerc0257,w066,ink,0.00000,0,187.0,80.94,negative
p0257_batch,PHerc0257,w066,ink_reverse,0.00018,1,191.0,82.77,negative
p0257_batch,PHerc0257,w067,ink,0.00029,2,191.0,81.44,negative
p0257_batch,PHerc0257,w067,ink_reverse,0.00018,1,187.0,79.73,negative
p0257_batch,PHerc0257,w068,ink,0.00000,0,187.0,82.4,negative
p0257_batch,PHerc0257,w068,ink_reverse,0.00011,0,184.0,80.31,negative
p0257_batch,PHerc0257,w069,ink,0.00000,0,180.0,81.17,negative
p0257_batch,PHerc0257,w069,ink_reverse,0.00001,0,185.0,81.03,negative
p0257_batch,PHerc0257,w070,ink,0.00002,0,182.0,81.82,negative
p0257_batch,PHerc0257,w070,ink_reverse,0.00002,0,176.0,80.98,negative
p0257_batch,PHerc0257,w071,ink,0.00002,0,177.0,82.84,negative
p0257_batch,PHerc0257,w071,ink_reverse,0.00016,1,190.0,82.03,negative
p0257_batch,PHerc0257,w072,ink,0.00003,0,184.0,82.68,negative
p0257_batch,PHerc0257,w072,ink_reverse,0.00006,0,190.0,82.04,negative
p0257_batch,PHerc0257,w073,ink,0.00009,0,183.0,83.78,negative
p0257_batch,PHerc0257,w073,ink_reverse,0.00059,1,198.0,84.72,negative
p0257_batch,PHerc0257,w074,ink,0.00007,0,183.0,83.37,negative
p0257_batch,PHerc0257,w074,ink_reverse,0.00004,0,188.0,83.82,negative
p0257_batch,PHerc0257,w075,ink,0.00003,0,185.0,84.68,negative
p0257_batch,PHerc0257,w075,ink_reverse,0.00000,0,181.0,83.34,negative
p0257_batch,PHerc0257,w076,ink,0.00003,0,184.0,84.42,negative
p0257_batch,PHerc0257,w076,ink_reverse,0.00009,0,191.0,82.21,negative
p0257_batch,PHerc0257,w077,ink,0.00000,0,182.0,83.67,negative
p0257_batch,PHerc0257,w077,ink_reverse,0.00009,0,183.0,82.15,negative
p0257_batch,PHerc0257,w078,ink,0.00000,0,179.0,81.86,negative
p0257_batch,PHerc0257,w078,ink_reverse,0.00000,0,177.0,81.41,negative
p0257_batch,PHerc0257,w079,ink,0.00002,0,187.0,83.28,negative
p0257_batch,PHerc0257,w079,ink_reverse,0.00015,1,192.0,82.59,negative
p0257_batch,PHerc0257,w080,ink,0.00004,0,179.0,82.93,negative
p0257_batch,PHerc0257,w080,ink_reverse,0.00000,0,185.0,82.75,negative
p0257_batch,PHerc0257,w081,ink,0.00001,0,185.0,84.08,negative
p0257_batch,PHerc0257,w081,ink_reverse,0.00013,1,190.0,82.85,negative
p0257_batch,PHerc0257,w082,ink,0.00001,0,181.0,82.14,negative
p0257_batch,PHerc0257,w082,ink_reverse,0.00000,0,181.0,81.92,negative
p0257_batch,PHerc0257,w083,ink,0.00000,0,182.0,82.68,negative
p0257_batch,PHerc0257,w083,ink_reverse,0.00006,0,182.0,81.83,negative
p0257_batch,PHerc0257,w084,ink,0.00003,0,183.0,83.99,negative
p0257_batch,PHerc0257,w084,ink_reverse,0.00003,0,188.0,82.82,negative
p0257_batch,PHerc0257,w085,ink,0.00001,0,187.0,82.97,negative
p0257_batch,PHerc0257,w085,ink_reverse,0.00000,0,183.0,83.99,negative
p0257_batch,PHerc0257,w086,ink,0.00000,0,184.0,83.84,negative
p0257_batch,PHerc0257,w086,ink_reverse,0.00017,1,182.0,83.22,negative
p0257_batch,PHerc0257,w087,ink,0.00000,0,184.0,83.09,negative
p0257_batch,PHerc0257,w087,ink_reverse,0.00003,0,180.0,83.48,negative
p0257_batch,PHerc0257,w088,ink,0.00000,0,174.0,83.66,negative
p0257_batch,PHerc0257,w088,ink_reverse,0.00000,0,179.0,82.7,negative
p0257_batch,PHerc0257,w089,ink,0.00010,0,190.0,86.07,negative
p0257_batch,PHerc0257,w089,ink_reverse,0.00007,0,181.0,84.27,negative
p0268_batch,PHerc0268,w011,ink,0.00000,0,191.0,89.5,negative
p0268_batch,PHerc0268,w011,ink_reverse,0.00000,0,191.0,93.55,negative
p0268_batch,PHerc0268,w014,ink,0.00000,0,190.0,94.05,negative
p0268_batch,PHerc0268,w014,ink_reverse,0.00000,0,191.0,93.25,negative
p0268_batch,PHerc0268,w017,ink,0.00000,0,186.0,92.39,negative
p0268_batch,PHerc0268,w017,ink_reverse,0.00000,0,185.0,93.81,negative
p0268_batch,PHerc0268,w020,ink,0.00000,0,189.0,91.49,negative
p0268_batch,PHerc0268,w020,ink_reverse,0.00000,0,185.0,93.0,negative
p0268_batch,PHerc0268,w023,ink,0.00000,0,190.0,90.15,negative
p0268_batch,PHerc0268,w023,ink_reverse,0.00000,0,189.0,89.58,negative
p0268_batch,PHerc0268,w026,ink,0.00000,0,189.0,91.51,negative
p0268_batch,PHerc0268,w026,ink_reverse,0.00000,0,181.0,88.75,negative
p0268_batch,PHerc0268,w029,ink,0.00000,0,186.0,91.13,negative
p0268_batch,PHerc0268,w029,ink_reverse,0.00000,0,185.0,91.49,negative
p0268_batch,PHerc0268,w032,ink,0.00000,0,184.0,91.78,negative
p0268_batch,PHerc0268,w032,ink_reverse,0.00000,0,183.0,91.22,negative
p0268_batch,PHerc0268,w035,ink,0.00000,0,181.0,91.13,negative
p0268_batch,PHerc0268,w035,ink_reverse,0.00001,0,188.0,89.69,negative
p0268_batch,PHerc0268,w038,ink,0.00001,0,188.0,90.56,negative
p0268_batch,PHerc0268,w038,ink_reverse,0.00000,0,188.0,91.54,negative
p0268_batch,PHerc0268,w041,ink,0.00000,0,184.0,90.71,negative
p0268_batch,PHerc0268,w041,ink_reverse,0.00003,0,188.0,90.02,negative
p0268_batch,PHerc0268,w044,ink,0.00000,0,188.0,91.45,negative
p0268_batch,PHerc0268,w044,ink_reverse,0.00001,0,190.0,91.49,negative
p0268_batch,PHerc0268,w047,ink,0.00000,0,185.0,90.72,negative
p0268_batch,PHerc0268,w047,ink_reverse,0.00016,1,188.0,90.0,negative
p0268_batch,PHerc0268,w050,ink,0.00004,0,184.0,90.2,negative
p0268_batch,PHerc0268,w050,ink_reverse,0.00001,0,186.0,90.17,negative
p0268_batch,PHerc0268,w053,ink,0.00001,0,191.0,91.52,negative
p0268_batch,PHerc0268,w053,ink_reverse,0.00001,0,190.0,91.83,negative
p0268_batch,PHerc0268,w056,ink,0.00000,0,184.0,90.22,negative
p0268_batch,PHerc0268,w056,ink_reverse,0.00006,0,192.0,90.86,negative
p0268_batch,PHerc0268,w059,ink,0.00000,0,186.0,90.74,negative
p0268_batch,PHerc0268,w059,ink_reverse,0.00001,0,187.0,90.26,negative
p0268_batch,PHerc0268,w062,ink,0.00002,0,185.0,89.42,negative
p0268_batch,PHerc0268,w062,ink_reverse,0.00000,0,187.0,90.15,negative
p0268_batch,PHerc0268,w065,ink,0.00008,0,185.0,88.93,negative
p0268_batch,PHerc0268,w065,ink_reverse,0.00001,0,186.0,90.58,negative
p0268_batch,PHerc0268,w068,ink,0.00001,0,186.0,90.06,negative
p0268_batch,PHerc0268,w068,ink_reverse,0.00001,0,183.0,90.58,negative
p0268_batch,PHerc0268,w071,ink,0.00000,0,190.0,90.58,negative
p0268_batch,PHerc0268,w071,ink_reverse,0.00000,0,188.0,91.43,negative
p0268_batch,PHerc0268,w074,ink,0.00000,0,187.0,89.3,negative
p0268_batch,PHerc0268,w074,ink_reverse,0.00014,1,183.0,89.8,negative
p0268_batch,PHerc0268,w077,ink,0.00000,0,189.0,90.07,negative
p0268_batch,PHerc0268,w077,ink_reverse,0.00000,0,188.0,90.67,negative
p0268_batch,PHerc0268,w080,ink,0.00004,0,191.0,91.51,negative
p0268_batch,PHerc0268,w080,ink_reverse,0.00010,0,192.0,90.75,negative
p0268_batch,PHerc0268,w083,ink,0.00018,1,193.0,90.09,negative
p0268_batch,PHerc0268,w083,ink_reverse,0.00002,0,191.0,89.94,negative
p0268_batch,PHerc0268,w086,ink,0.00002,0,190.0,92.08,negative
p0268_batch,PHerc0268,w086,ink_reverse,0.00006,0,190.0,90.83,negative
p0268_batch,PHerc0268,w089,ink,0.00026,2,191.0,91.19,negative
p0268_batch,PHerc0268,w089,ink_reverse,0.00006,1,190.0,91.22,negative
p0358_b2_batch,PHerc0358,w021,ink,0.00170,2,202.0,91.62,negative
p0358_b2_batch,PHerc0358,w021,ink_reverse,0.00001,0,192.0,93.58,negative
p0358_b2_batch,PHerc0358,w024,ink,0.00058,1,198.0,89.09,negative
p0358_b2_batch,PHerc0358,w024,ink_reverse,0.00013,0,196.0,93.0,negative
p0358_b2_batch,PHerc0358,w027,ink,0.00021,0,194.0,88.2,negative
p0358_b2_batch,PHerc0358,w027,ink_reverse,0.00013,0,194.0,91.62,negative
p0358_b2_batch,PHerc0358,w030,ink,0.00143,2,202.0,88.93,negative
p0358_b2_batch,PHerc0358,w030,ink_reverse,0.00022,0,195.0,89.88,negative
p0358_b2_batch,PHerc0358,w033,ink,0.00087,1,200.0,92.29,negative
p0358_b2_batch,PHerc0358,w033,ink_reverse,0.00135,1,201.0,90.83,negative
p0358_b2_batch,PHerc0358,w036,ink,0.00015,0,197.0,95.17,negative
p0358_b2_batch,PHerc0358,w036,ink_reverse,0.00018,0,196.0,96.04,negative
p0358_b2_batch,PHerc0358,w039,ink,0.00112,2,201.0,96.12,negative
p0358_b2_batch,PHerc0358,w039,ink_reverse,0.00195,2,202.0,96.16,negative
p0358_b2_batch,PHerc0358,w042,ink,0.00240,5,203.0,96.9,negative
p0358_b2_batch,PHerc0358,w042,ink_reverse,0.00337,7,203.0,95.15,negative
p0358_b2_batch,PHerc0358,w045,ink,0.00204,3,203.0,98.68,negative
p0358_b2_batch,PHerc0358,w045,ink_reverse,0.00155,1,201.0,98.08,negative
p0358_b2_batch,PHerc0358,w048,ink,0.00044,0,199.0,94.45,negative
p0358_b2_batch,PHerc0358,w048,ink_reverse,0.00068,1,200.0,95.61,negative
p0358_b2_batch,PHerc0358,w051,ink,0.00001,0,188.0,91.59,negative
p0358_b2_batch,PHerc0358,w051,ink_reverse,0.00003,0,192.0,90.6,negative
p0358_b2_batch,PHerc0358,w054,ink,0.00218,5,203.0,94.79,negative
p0358_b2_batch,PHerc0358,w054,ink_reverse,0.00189,4,202.0,97.24,negative
p0358_b2_batch,PHerc0358,w057,ink,0.00078,2,200.0,92.79,negative
p0358_b2_batch,PHerc0358,w057,ink_reverse,0.00077,2,200.0,93.62,negative
p0358_b2_batch,PHerc0358,w060,ink,0.00172,3,202.0,95.76,negative
p0358_b2_batch,PHerc0358,w060,ink_reverse,0.00177,3,202.0,97.04,negative
p0358_b2_batch,PHerc0358,w063,ink,0.00101,2,201.0,91.85,negative
p0358_b2_batch,PHerc0358,w063,ink_reverse,0.00081,2,200.0,92.69,negative
p0358_b2_batch,PHerc0358,w066,ink,0.00139,4,201.0,93.43,negative
p0358_b2_batch,PHerc0358,w066,ink_reverse,0.00179,8,202.0,92.53,negative
p0358_b2_batch,PHerc0358,w069,ink,0.00181,4,202.0,93.63,negative
p0358_b2_batch,PHerc0358,w069,ink_reverse,0.00208,6,203.0,94.4,negative
p0358_b2_batch,PHerc0358,w072,ink,0.00244,6,202.0,94.81,negative
p0358_b2_batch,PHerc0358,w072,ink_reverse,0.00251,5,202.0,94.21,negative
p0358_b2_batch,PHerc0358,w075,ink,0.00071,1,199.0,92.24,negative
p0358_b2_batch,PHerc0358,w075,ink_reverse,0.00125,4,201.0,93.38,negative
p0358_b2_batch,PHerc0358,w078,ink,0.00041,0,198.0,90.01,negative
p0358_b2_batch,PHerc0358,w078,ink_reverse,0.00081,2,200.0,91.53,negative
p0358_b2_batch,PHerc0358,w081,ink,0.00074,2,200.0,93.65,negative
p0358_b2_batch,PHerc0358,w081,ink_reverse,0.00153,4,202.0,93.82,negative
p0358_b2_batch,PHerc0358,w084,ink,0.00054,2,199.0,90.78,negative
p0358_b2_batch,PHerc0358,w084,ink_reverse,0.00046,1,199.0,92.49,negative
p0358_b2_batch,PHerc0358,w087,ink,0.00068,1,199.0,90.95,negative
p0358_b2_batch,PHerc0358,w087,ink_reverse,0.00016,0,197.0,90.83,negative
p0358_b2_batch,PHerc0358,w090,ink,0.00073,4,200.0,89.52,negative
p0358_b2_batch,PHerc0358,w090,ink_reverse,0.00097,2,200.0,92.15,negative
p0358_b2_batch,PHerc0358,w093,ink,0.00049,1,198.0,89.23,negative
p0358_b2_batch,PHerc0358,w093,ink_reverse,0.00038,2,198.0,92.01,negative
p0358_b2_batch,PHerc0358,w096,ink,0.00060,3,198.0,89.09,negative
p0358_b2_batch,PHerc0358,w096,ink_reverse,0.00029,1,197.0,88.54,negative
p0358_b2_batch,PHerc0358,w099,ink,0.00052,1,199.0,90.53,negative
p0358_b2_batch,PHerc0358,w099,ink_reverse,0.00042,1,198.0,90.9,negative
p0358_batch,PHerc0358,w021,ink,0.00000,0,190.0,92.62,negative
p0358_batch,PHerc0358,w021,ink_reverse,0.00000,0,184.0,90.84,negative
p0358_batch,PHerc0358,w022,ink,0.00000,0,192.0,91.62,negative
p0358_batch,PHerc0358,w022,ink_reverse,0.00135,2,203.0,90.35,negative
p0358_batch,PHerc0358,w023,ink,0.00021,0,195.0,92.19,negative
p0358_batch,PHerc0358,w023,ink_reverse,0.00007,0,191.0,91.63,negative
p0358_batch,PHerc0358,w024,ink,0.00000,0,189.0,89.91,negative
p0358_batch,PHerc0358,w024,ink_reverse,0.00003,0,192.0,90.3,negative
p0358_batch,PHerc0358,w025,ink,0.00001,0,189.0,91.93,negative
p0358_batch,PHerc0358,w025,ink_reverse,0.00005,0,192.0,92.53,negative
p0358_batch,PHerc0358,w026,ink,0.00000,0,181.0,91.31,negative
p0358_batch,PHerc0358,w026,ink_reverse,0.00000,0,180.0,91.0,negative
p0358_batch,PHerc0358,w027,ink,0.00000,0,182.0,87.89,negative
p0358_batch,PHerc0358,w027,ink_reverse,0.00001,0,192.0,90.95,negative
p0358_batch,PHerc0358,w028,ink,0.00000,0,192.0,88.58,negative
p0358_batch,PHerc0358,w028,ink_reverse,0.00000,0,187.0,87.53,negative
p0358_batch,PHerc0358,w029,ink,0.00004,0,187.0,88.3,negative
p0358_batch,PHerc0358,w029,ink_reverse,0.00011,0,186.0,88.59,negative
p0358_batch,PHerc0358,w030,ink,0.00018,0,195.0,87.99,negative
p0358_batch,PHerc0358,w030,ink_reverse,0.00009,0,191.0,90.34,negative
p0358_batch,PHerc0358,w031,ink,0.00000,0,190.0,88.67,negative
p0358_batch,PHerc0358,w031,ink_reverse,0.00002,0,194.0,89.67,negative
p0358_batch,PHerc0358,w032,ink,0.00014,0,190.0,88.08,negative
p0358_batch,PHerc0358,w032,ink_reverse,0.00028,0,195.0,89.48,negative
p0358_batch,PHerc0358,w033,ink,0.00003,0,189.0,90.45,negative
p0358_batch,PHerc0358,w033,ink_reverse,0.00033,1,197.0,89.5,negative
p0358_batch,PHerc0358,w034,ink,0.00001,0,190.0,89.37,negative
p0358_batch,PHerc0358,w034,ink_reverse,0.00009,0,193.0,87.06,negative
p0358_batch,PHerc0358,w035,ink,0.00015,0,193.0,88.01,negative
p0358_batch,PHerc0358,w035,ink_reverse,0.00005,0,191.0,88.27,negative
p0358_batch,PHerc0358,w036,ink,0.00000,0,190.0,86.34,negative
p0358_batch,PHerc0358,w036,ink_reverse,0.00022,0,189.0,86.92,negative
p0358_batch,PHerc0358,w037,ink,0.00017,1,193.0,87.24,negative
p0358_batch,PHerc0358,w037,ink_reverse,0.00000,0,189.0,90.04,negative
p0358_batch,PHerc0358,w038,ink,0.00012,0,195.0,88.51,negative
p0358_batch,PHerc0358,w038,ink_reverse,0.00015,0,196.0,90.09,negative
p0358_batch,PHerc0358,w039,ink,0.00032,1,191.0,87.78,negative
p0358_batch,PHerc0358,w039,ink_reverse,0.00051,1,199.0,91.79,negative
p0358_batch,PHerc0358,w040,ink,0.00020,0,196.0,91.29,negative
p0358_batch,PHerc0358,w040,ink_reverse,0.00007,0,193.0,92.18,negative
p0358_batch,PHerc0358,w041,ink,0.00006,0,191.0,88.5,negative
p0358_batch,PHerc0358,w041,ink_reverse,0.00062,2,198.0,90.05,negative
p0358_batch,PHerc0358,w042,ink,0.00030,0,198.0,90.19,negative
p0358_batch,PHerc0358,w042,ink_reverse,0.00046,0,199.0,92.36,negative
p0358_batch,PHerc0358,w043,ink,0.00067,1,199.0,89.14,negative
p0358_batch,PHerc0358,w043,ink_reverse,0.00030,0,198.0,92.16,negative
p0358_batch,PHerc0358,w044,ink,0.00032,1,196.0,90.98,negative
p0358_batch,PHerc0358,w044,ink_reverse,0.00022,1,195.0,89.19,negative
p0358_batch,PHerc0358,w045,ink,0.00060,1,198.0,91.07,negative
p0358_batch,PHerc0358,w045,ink_reverse,0.00028,1,197.0,91.18,negative
p0358_batch,PHerc0358,w046,ink,0.00001,0,187.0,88.35,negative
p0358_batch,PHerc0358,w046,ink_reverse,0.00095,2,200.0,91.33,negative
p0358_batch,PHerc0358,w047,ink,0.00051,1,197.0,93.48,negative
p0358_batch,PHerc0358,w047,ink_reverse,0.00053,1,198.0,95.03,negative
p0358_batch,PHerc0358,w048,ink,0.00036,1,197.0,91.66,negative
p0358_batch,PHerc0358,w048,ink_reverse,0.00154,4,202.0,94.0,negative
p0358_batch,PHerc0358,w049,ink,0.00020,0,196.0,91.82,negative
p0358_batch,PHerc0358,w049,ink_reverse,0.00151,3,202.0,94.81,negative
p0358_batch,PHerc0358,w050,ink,0.00046,2,197.0,92.73,negative
p0358_batch,PHerc0358,w050,ink_reverse,0.00138,4,202.0,94.87,negative
p0358_batch,PHerc0358,w051,ink,0.00035,1,197.0,91.5,negative
p0358_batch,PHerc0358,w051,ink_reverse,0.00086,1,200.0,94.43,negative
p0358_batch,PHerc0358,w052,ink,0.00037,1,197.0,91.1,negative
p0358_batch,PHerc0358,w052,ink_reverse,0.00092,1,200.0,94.31,negative
p0358_batch,PHerc0358,w053,ink,0.00025,0,197.0,93.17,negative
p0358_batch,PHerc0358,w053,ink_reverse,0.00092,2,200.0,94.0,negative
p0358_batch,PHerc0358,w054,ink,0.00110,3,201.0,92.48,negative
p0358_batch,PHerc0358,w054,ink_reverse,0.00068,2,199.0,94.11,negative
p0358_batch,PHerc0358,w055,ink,0.00040,0,198.0,94.44,negative
p0358_batch,PHerc0358,w055,ink_reverse,0.00111,3,201.0,96.13,negative
p0358_batch,PHerc0358,w056,ink,0.00050,1,197.0,93.38,negative
p0358_batch,PHerc0358,w056,ink_reverse,0.00039,0,199.0,93.18,negative
p0358_batch,PHerc0358,w057,ink,0.00032,0,198.0,93.75,negative
p0358_batch,PHerc0358,w057,ink_reverse,0.00102,3,201.0,96.53,negative
p0358_batch,PHerc0358,w058,ink,0.00058,1,199.0,94.26,negative
p0358_batch,PHerc0358,w058,ink_reverse,0.00124,3,201.0,93.95,negative
p0358_batch,PHerc0358,w059,ink,0.00039,0,198.0,92.27,negative
p0358_batch,PHerc0358,w059,ink_reverse,0.00137,4,201.0,94.51,negative
p0358_batch,PHerc0358,w060,ink,0.00054,0,199.0,92.99,negative
p0358_batch,PHerc0358,w060,ink_reverse,0.00045,0,199.0,95.31,negative
p0358_batch,PHerc0358,w061,ink,0.00057,1,199.0,94.74,negative
p0358_batch,PHerc0358,w061,ink_reverse,0.00121,2,201.0,95.66,negative
p0358_batch,PHerc0358,w062,ink,0.00122,2,201.0,95.65,negative
p0358_batch,PHerc0358,w062,ink_reverse,0.00085,1,200.0,96.2,negative
p0358_batch,PHerc0358,w063,ink,0.00089,2,200.0,94.3,negative
p0358_batch,PHerc0358,w063,ink_reverse,0.00147,1,201.0,97.26,negative
p0358_batch,PHerc0358,w064,ink,0.00054,1,199.0,94.9,negative
p0358_batch,PHerc0358,w064,ink_reverse,0.00025,0,197.0,92.97,negative
p0358_batch,PHerc0358,w065,ink,0.00031,0,198.0,92.83,negative
p0358_batch,PHerc0358,w065,ink_reverse,0.00053,0,199.0,96.62,negative
p0358_batch,PHerc0358,w066,ink,0.00023,0,197.0,92.77,negative
p0358_batch,PHerc0358,w066,ink_reverse,0.00041,1,198.0,93.22,negative
p0358_batch,PHerc0358,w067,ink,0.00104,2,201.0,95.94,negative
p0358_batch,PHerc0358,w067,ink_reverse,0.00099,2,200.0,97.27,negative
p0358_batch,PHerc0358,w068,ink,0.00045,0,199.0,94.23,negative
p0358_batch,PHerc0358,w068,ink_reverse,0.00061,1,199.0,95.01,negative
p0358_batch,PHerc0358,w069,ink,0.00152,5,202.0,97.15,negative
p0358_batch,PHerc0358,w069,ink_reverse,0.00129,5,201.0,98.06,negative
p0358_batch,PHerc0358,w070,ink,0.00064,2,200.0,93.41,negative
p0358_batch,PHerc0358,w070,ink_reverse,0.00096,3,200.0,95.66,negative
p0358_batch,PHerc0358,w071,ink,0.00033,0,199.0,95.6,negative
p0358_batch,PHerc0358,w071,ink_reverse,0.00175,5,202.0,95.57,negative
p0358_batch,PHerc0358,w072,ink,0.00120,2,201.0,96.48,negative
p0358_batch,PHerc0358,w072,ink_reverse,0.00190,8,202.0,98.17,negative
p0358_batch,PHerc0358,w073,ink,0.00146,3,201.0,96.08,negative
p0358_batch,PHerc0358,w073,ink_reverse,0.00235,7,203.0,95.45,negative
p0358_batch,PHerc0358,w074,ink,0.00089,3,200.0,94.6,negative
p0358_batch,PHerc0358,w074,ink_reverse,0.00055,2,199.0,94.36,negative
p0358_batch,PHerc0358,w075,ink,0.00173,5,202.0,97.27,negative
p0358_batch,PHerc0358,w075,ink_reverse,0.00229,8,202.0,98.56,negative
p0358_batch,PHerc0358,w076,ink,0.00090,1,200.0,92.92,negative
p0358_batch,PHerc0358,w076,ink_reverse,0.00207,6,202.0,95.3,negative
p0358_batch,PHerc0358,w077,ink,0.00129,6,201.0,95.45,negative
p0358_batch,PHerc0358,w077,ink_reverse,0.00101,4,201.0,98.14,negative
p0358_batch,PHerc0358,w078,ink,0.00086,2,200.0,94.41,negative
p0358_batch,PHerc0358,w078,ink_reverse,0.00066,2,199.0,96.1,negative
p0358_batch,PHerc0358,w079,ink,0.00111,4,201.0,93.29,negative
p0358_batch,PHerc0358,w079,ink_reverse,0.00062,1,199.0,94.83,negative
p0358_batch,PHerc0358,w080,ink,0.00103,2,201.0,93.99,negative
p0358_batch,PHerc0358,w080,ink_reverse,0.00029,0,198.0,94.48,negative
p0358_batch,PHerc0358,w081,ink,0.00053,0,199.0,94.64,negative
p0358_batch,PHerc0358,w081,ink_reverse,0.00108,3,201.0,95.3,negative
p0358_batch,PHerc0358,w082,ink,0.00014,0,195.0,93.45,negative
p0358_batch,PHerc0358,w082,ink_reverse,0.00082,2,200.0,95.24,negative
p0358_batch,PHerc0358,w083,ink,0.00078,2,200.0,96.58,negative
p0358_batch,PHerc0358,w083,ink_reverse,0.00064,1,200.0,96.83,negative
p0358_batch,PHerc0358,w084,ink,0.00099,2,200.0,96.67,negative
p0358_batch,PHerc0358,w084,ink_reverse,0.00105,3,201.0,97.73,negative
p0358_batch,PHerc0358,w085,ink,0.00047,1,198.0,92.44,negative
p0358_batch,PHerc0358,w085,ink_reverse,0.00024,0,197.0,94.61,negative
p0358_batch,PHerc0358,w086,ink,0.00094,5,200.0,95.51,negative
p0358_batch,PHerc0358,w086,ink_reverse,0.00124,7,201.0,97.94,negative
p0358_batch,PHerc0358,w087,ink,0.00039,1,198.0,93.14,negative
p0358_batch,PHerc0358,w087,ink_reverse,0.00062,3,199.0,96.27,negative
p0358_batch,PHerc0358,w088,ink,0.00035,3,197.0,93.76,negative
p0358_batch,PHerc0358,w088,ink_reverse,0.00087,4,200.0,94.9,negative
p0358_batch,PHerc0358,w089,ink,0.00143,5,201.0,97.12,negative
p0358_batch,PHerc0358,w089,ink_reverse,0.00025,0,198.0,96.32,negative
p0358_batch,PHerc0358,w090,ink,0.00055,3,199.0,96.04,negative
p0358_batch,PHerc0358,w090,ink_reverse,0.00088,3,200.0,96.64,negative
p0358_batch,PHerc0358,w091,ink,0.00035,1,198.0,94.28,negative
p0358_batch,PHerc0358,w091,ink_reverse,0.00034,0,198.0,95.67,negative
p0358_batch,PHerc0358,w092,ink,0.00066,1,199.0,94.73,negative
p0358_batch,PHerc0358,w092,ink_reverse,0.00064,1,199.0,95.86,negative
p0358_batch,PHerc0358,w093,ink,0.00038,0,198.0,94.49,negative
p0358_batch,PHerc0358,w093,ink_reverse,0.00063,4,199.0,95.78,negative
p0358_batch,PHerc0358,w094,ink,0.00046,1,199.0,93.79,negative
p0358_batch,PHerc0358,w094,ink_reverse,0.00053,2,198.0,94.4,negative
p0358_batch,PHerc0358,w095,ink,0.00023,1,196.0,92.32,negative
p0358_batch,PHerc0358,w095,ink_reverse,0.00032,1,197.0,93.46,negative
p0358_batch,PHerc0358,w096,ink,0.00023,1,195.0,91.98,negative
p0358_batch,PHerc0358,w096,ink_reverse,0.00018,0,197.0,95.29,negative
p0358_batch,PHerc0358,w097,ink,0.00005,0,194.0,91.41,negative
p0358_batch,PHerc0358,w097,ink_reverse,0.00040,2,197.0,93.8,negative
p0358_batch,PHerc0358,w098,ink,0.00027,1,197.0,90.8,negative
p0358_batch,PHerc0358,w098,ink_reverse,0.00060,2,199.0,91.75,negative
p0358_batch,PHerc0358,w099,ink,0.00030,2,195.0,90.76,negative
p0358_batch,PHerc0358,w099,ink_reverse,0.00066,4,199.0,93.05,negative
p0800_batch,PHerc0800,w021,ink,0.00003,0,193.0,85.04,negative
p0800_batch,PHerc0800,w021,ink_reverse,0.00074,1,199.0,86.84,negative
p0800_batch,PHerc0800,w024,ink,0.00003,0,193.0,85.22,negative
p0800_batch,PHerc0800,w024,ink_reverse,0.00089,2,200.0,84.4,negative
p0800_batch,PHerc0800,w027,ink,0.00057,1,198.0,82.99,negative
p0800_batch,PHerc0800,w027,ink_reverse,0.00106,2,201.0,84.29,negative
p0800_batch,PHerc0800,w030,ink,0.00109,1,201.0,84.11,negative
p0800_batch,PHerc0800,w030,ink_reverse,0.00361,6,203.0,90.18,negative
p0800_batch,PHerc0800,w033,ink,0.00051,1,198.0,84.99,negative
p0800_batch,PHerc0800,w033,ink_reverse,0.00000,0,186.0,79.72,negative
p0800_batch,PHerc0800,w036,ink,0.00124,3,201.0,81.67,negative
p0800_batch,PHerc0800,w036,ink_reverse,0.00010,0,187.0,77.44,negative
p0800_batch,PHerc0800,w039,ink,0.00002,0,175.0,75.97,negative
p0800_batch,PHerc0800,w039,ink_reverse,0.00098,2,200.0,78.12,negative
p0800_batch,PHerc0800,w042,ink,0.00001,0,192.0,78.69,negative
p0800_batch,PHerc0800,w042,ink_reverse,0.00061,1,199.0,82.61,negative
p0800_batch,PHerc0800,w045,ink,0.00106,3,201.0,83.52,negative
p0800_batch,PHerc0800,w045,ink_reverse,0.00029,1,197.0,82.31,negative
p0800_batch,PHerc0800,w048,ink,0.00108,3,201.0,84.14,negative
p0800_batch,PHerc0800,w048,ink_reverse,0.00167,2,203.0,85.18,negative
p0800_batch,PHerc0800,w051,ink,0.00043,2,198.0,84.44,negative
p0800_batch,PHerc0800,w051,ink_reverse,0.00019,0,196.0,82.97,negative
p0800_batch,PHerc0800,w054,ink,0.00027,1,195.0,80.73,negative
p0800_batch,PHerc0800,w054,ink_reverse,0.00036,1,197.0,82.64,negative
p0800_batch,PHerc0800,w057,ink,0.00148,5,202.0,82.23,negative
p0800_batch,PHerc0800,w057,ink_reverse,0.00014,0,194.0,82.29,negative
p0800_batch,PHerc0800,w060,ink,0.00041,2,197.0,84.84,negative
p0800_batch,PHerc0800,w060,ink_reverse,0.00130,1,201.0,89.39,negative
p0800_batch,PHerc0800,w063,ink,0.00117,3,201.0,84.17,negative
p0800_batch,PHerc0800,w063,ink_reverse,0.00083,2,199.0,81.91,negative
p0800_batch,PHerc0800,w066,ink,0.00029,1,197.0,85.29,negative
p0800_batch,PHerc0800,w066,ink_reverse,0.00146,3,202.0,86.43,negative
p0800_batch,PHerc0800,w069,ink,0.00042,1,198.0,86.15,negative
p0800_batch,PHerc0800,w069,ink_reverse,0.00045,2,198.0,87.77,negative
p0800_batch,PHerc0800,w072,ink,0.00080,4,200.0,83.22,negative
p0800_batch,PHerc0800,w072,ink_reverse,0.00121,2,201.0,85.04,negative
p0800_batch,PHerc0800,w075,ink,0.00013,0,191.0,81.62,negative
p0800_batch,PHerc0800,w075,ink_reverse,0.00005,0,190.0,79.01,negative
p0800_batch,PHerc0800,w078,ink,0.00050,3,199.0,87.34,negative
p0800_batch,PHerc0800,w078,ink_reverse,0.00086,5,200.0,85.39,negative
p0800_batch,PHerc0800,w081,ink,0.00058,4,197.0,82.98,negative
p0800_batch,PHerc0800,w081,ink_reverse,0.00056,3,198.0,84.43,negative
p0800_batch,PHerc0800,w084,ink,0.00045,1,199.0,85.57,negative
p0800_batch,PHerc0800,w084,ink_reverse,0.00019,1,195.0,84.2,negative
p0800_batch,PHerc0800,w087,ink,0.00101,5,201.0,90.81,negative
p0800_batch,PHerc0800,w087,ink_reverse,0.00034,1,197.0,87.64,negative
p0800_batch,PHerc0800,w090,ink,0.00023,1,196.0,85.06,negative
p0800_batch,PHerc0800,w090,ink_reverse,0.00006,0,191.0,81.91,negative
p0800_batch,PHerc0800,w093,ink,0.00020,1,194.0,85.69,negative
p0800_batch,PHerc0800,w093,ink_reverse,0.00010,0,193.0,85.31,negative
p0800_batch,PHerc0800,w096,ink,0.00014,0,187.0,78.91,negative
p0800_batch,PHerc0800,w096,ink_reverse,0.00001,0,178.0,79.17,negative
p0800_batch,PHerc0800,w099,ink,0.00014,0,194.0,85.62,negative
p0800_batch,PHerc0800,w099,ink_reverse,0.00073,7,199.0,86.38,negative
p0813_batch,PHerc0813,w021,ink,0.00000,0,185.0,87.92,negative
p0813_batch,PHerc0813,w021,ink_reverse,0.00013,0,194.0,84.14,negative
p0813_batch,PHerc0813,w022,ink,0.00000,0,178.0,86.11,negative
p0813_batch,PHerc0813,w022,ink_reverse,0.00000,0,186.0,87.58,negative
p0813_batch,PHerc0813,w023,ink,0.00000,0,182.0,87.27,negative
p0813_batch,PHerc0813,w023,ink_reverse,0.00000,0,190.0,87.91,negative
p0813_batch,PHerc0813,w024,ink,0.00027,0,195.0,88.46,negative
p0813_batch,PHerc0813,w024,ink_reverse,0.00000,0,187.0,87.99,negative
p0813_batch,PHerc0813,w025,ink,0.00020,0,190.0,87.48,negative
p0813_batch,PHerc0813,w025,ink_reverse,0.00000,0,190.0,86.33,negative
p0813_batch,PHerc0813,w026,ink,0.00002,0,184.0,86.92,negative
p0813_batch,PHerc0813,w026,ink_reverse,0.00000,0,186.0,85.41,negative
p0813_batch,PHerc0813,w027,ink,0.00001,0,190.0,87.56,negative
p0813_batch,PHerc0813,w027,ink_reverse,0.00001,0,189.0,85.91,negative
p0813_batch,PHerc0813,w028,ink,0.00008,0,191.0,87.61,negative
p0813_batch,PHerc0813,w028,ink_reverse,0.00010,0,190.0,87.36,negative
p0813_batch,PHerc0813,w029,ink,0.00000,0,187.0,89.02,negative
p0813_batch,PHerc0813,w029,ink_reverse,0.00000,0,187.0,87.59,negative
p0813_batch,PHerc0813,w030,ink,0.00000,0,184.0,87.57,negative
p0813_batch,PHerc0813,w030,ink_reverse,0.00000,0,188.0,88.62,negative
p0813_batch,PHerc0813,w031,ink,0.00012,0,187.0,90.23,negative
p0813_batch,PHerc0813,w031,ink_reverse,0.00004,0,188.0,88.34,negative
p0813_batch,PHerc0813,w032,ink,0.00021,0,193.0,88.8,negative
p0813_batch,PHerc0813,w032,ink_reverse,0.00005,0,184.0,88.93,negative
p0813_batch,PHerc0813,w033,ink,0.00006,0,190.0,88.18,negative
p0813_batch,PHerc0813,w033,ink_reverse,0.00001,0,192.0,88.29,negative
p0813_batch,PHerc0813,w034,ink,0.00048,1,198.0,90.91,negative
p0813_batch,PHerc0813,w034,ink_reverse,0.00000,0,185.0,90.31,negative
p0813_batch,PHerc0813,w035,ink,0.00028,0,197.0,90.41,negative
p0813_batch,PHerc0813,w035,ink_reverse,0.00010,0,190.0,92.47,negative
p0813_batch,PHerc0813,w036,ink,0.00001,0,185.0,90.93,negative
p0813_batch,PHerc0813,w036,ink_reverse,0.00066,1,199.0,94.29,negative
p0813_batch,PHerc0813,w037,ink,0.00005,0,187.0,91.7,negative
p0813_batch,PHerc0813,w037,ink_reverse,0.00019,0,196.0,93.99,negative
p0813_batch,PHerc0813,w038,ink,0.00035,1,196.0,91.33,negative
p0813_batch,PHerc0813,w038,ink_reverse,0.00009,0,194.0,93.57,negative
p0813_batch,PHerc0813,w039,ink,0.00038,1,198.0,91.36,negative
p0813_batch,PHerc0813,w039,ink_reverse,0.00032,0,198.0,93.21,negative
p0813_batch,PHerc0813,w040,ink,0.00099,3,200.0,92.88,negative
p0813_batch,PHerc0813,w040,ink_reverse,0.00081,1,200.0,97.89,negative
p0813_batch,PHerc0813,w041,ink,0.00080,2,200.0,94.36,negative
p0813_batch,PHerc0813,w041,ink_reverse,0.00040,1,198.0,92.83,negative
p0813_batch,PHerc0813,w042,ink,0.00083,2,200.0,94.46,negative
p0813_batch,PHerc0813,w042,ink_reverse,0.00015,0,196.0,94.87,negative
p0813_batch,PHerc0813,w043,ink,0.00110,2,201.0,92.51,negative
p0813_batch,PHerc0813,w043,ink_reverse,0.00081,1,199.0,93.08,negative
p0813_batch,PHerc0813,w044,ink,0.00007,0,193.0,94.52,negative
p0813_batch,PHerc0813,w044,ink_reverse,0.00015,0,196.0,91.83,negative
p0813_batch,PHerc0813,w045,ink,0.00076,1,200.0,93.0,negative
p0813_batch,PHerc0813,w045,ink_reverse,0.00019,0,197.0,94.99,negative
p0813_batch,PHerc0813,w046,ink,0.00009,0,193.0,92.2,negative
p0813_batch,PHerc0813,w046,ink_reverse,0.00015,0,195.0,93.77,negative
p0813_batch,PHerc0813,w047,ink,0.00005,0,192.0,92.96,negative
p0813_batch,PHerc0813,w047,ink_reverse,0.00001,0,190.0,92.87,negative
p0813_batch,PHerc0813,w048,ink,0.00027,1,196.0,94.22,negative
p0813_batch,PHerc0813,w048,ink_reverse,0.00005,0,194.0,95.3,negative
p0813_batch,PHerc0813,w049,ink,0.00063,2,199.0,96.43,negative
p0813_batch,PHerc0813,w049,ink_reverse,0.00007,0,191.0,95.1,negative
p0813_batch,PHerc0813,w050,ink,0.00006,0,191.0,94.39,negative
p0813_batch,PHerc0813,w050,ink_reverse,0.00001,0,190.0,93.2,negative
p0813_batch,PHerc0813,w051,ink,0.00064,2,199.0,97.04,negative
p0813_batch,PHerc0813,w051,ink_reverse,0.00057,2,198.0,96.04,negative
p0813_batch,PHerc0813,w052,ink,0.00012,0,196.0,97.6,negative
p0813_batch,PHerc0813,w052,ink_reverse,0.00022,0,196.0,93.28,negative
p0813_batch,PHerc0813,w053,ink,0.00004,0,189.0,92.39,negative
p0813_batch,PHerc0813,w053,ink_reverse,0.00000,0,187.0,93.05,negative
p0813_batch,PHerc0813,w054,ink,0.00000,0,184.0,94.75,negative
p0813_batch,PHerc0813,w054,ink_reverse,0.00036,1,198.0,96.89,negative
p0813_batch,PHerc0813,w055,ink,0.00051,1,198.0,95.92,negative
p0813_batch,PHerc0813,w055,ink_reverse,0.00103,2,201.0,96.1,negative
p0813_batch,PHerc0813,w056,ink,0.00025,1,191.0,95.3,negative
p0813_batch,PHerc0813,w056,ink_reverse,0.00016,0,195.0,94.08,negative
p0813_batch,PHerc0813,w057,ink,0.00003,0,194.0,96.39,negative
p0813_batch,PHerc0813,w057,ink_reverse,0.00004,0,193.0,95.59,negative
p0813_batch,PHerc0813,w058,ink,0.00019,0,196.0,98.17,negative
p0813_batch,PHerc0813,w058,ink_reverse,0.00032,1,194.0,96.81,negative
p0813_batch,PHerc0813,w059,ink,0.00040,0,198.0,97.36,negative
p0813_batch,PHerc0813,w059,ink_reverse,0.00010,0,193.0,94.38,negative
p0813_batch,PHerc0813,w060,ink,0.00000,0,185.0,95.24,negative
p0813_batch,PHerc0813,w060,ink_reverse,0.00000,0,187.0,93.03,negative
p0813_batch,PHerc0813,w061,ink,0.00029,1,197.0,94.54,negative
p0813_batch,PHerc0813,w061,ink_reverse,0.00019,0,194.0,93.33,negative
p0813_batch,PHerc0813,w062,ink,0.00020,0,195.0,98.05,negative
p0813_batch,PHerc0813,w062,ink_reverse,0.00045,1,198.0,98.33,negative
p0813_batch,PHerc0813,w063,ink,0.00076,2,200.0,98.09,negative
p0813_batch,PHerc0813,w063,ink_reverse,0.00009,0,191.0,94.07,negative
p0813_batch,PHerc0813,w064,ink,0.00004,0,192.0,95.36,negative
p0813_batch,PHerc0813,w064,ink_reverse,0.00021,1,197.0,94.56,negative
p0813_batch,PHerc0813,w065,ink,0.00037,1,197.0,97.4,negative
p0813_batch,PHerc0813,w065,ink_reverse,0.00015,0,193.0,95.05,negative
p0813_batch,PHerc0813,w066,ink,0.00011,0,193.0,97.6,negative
p0813_batch,PHerc0813,w066,ink_reverse,0.00003,0,192.0,98.03,negative
p0813_batch,PHerc0813,w067,ink,0.00009,0,194.0,96.94,negative
p0813_batch,PHerc0813,w067,ink_reverse,0.00028,0,197.0,97.52,negative
p0813_batch,PHerc0813,w068,ink,0.00069,1,199.0,102.75,negative
p0813_batch,PHerc0813,w068,ink_reverse,0.00010,0,194.0,99.73,negative
p0813_batch,PHerc0813,w069,ink,0.00013,0,194.0,101.3,negative
p0813_batch,PHerc0813,w069,ink_reverse,0.00034,1,197.0,100.42,negative
p0813_batch,PHerc0813,w070,ink,0.00017,0,196.0,99.62,negative
p0813_batch,PHerc0813,w070,ink_reverse,0.00040,1,197.0,97.4,negative
p0813_batch,PHerc0813,w071,ink,0.00058,2,199.0,101.33,negative
p0813_batch,PHerc0813,w071,ink_reverse,0.00015,0,195.0,95.27,negative
p0813_batch,PHerc0813,w072,ink,0.00027,1,194.0,96.83,negative
p0813_batch,PHerc0813,w072,ink_reverse,0.00017,0,195.0,93.31,negative
p0813_batch,PHerc0813,w073,ink,0.00010,0,194.0,94.22,negative
p0813_batch,PHerc0813,w073,ink_reverse,0.00014,0,192.0,94.25,negative
p0813_batch,PHerc0813,w074,ink,0.00025,0,195.0,96.22,negative
p0813_batch,PHerc0813,w074,ink_reverse,0.00020,1,193.0,95.8,negative
p0813_batch,PHerc0813,w075,ink,0.00015,1,193.0,95.18,negative
p0813_batch,PHerc0813,w075,ink_reverse,0.00011,1,193.0,94.46,negative
p0813_batch,PHerc0813,w076,ink,0.00015,0,195.0,96.15,negative
p0813_batch,PHerc0813,w076,ink_reverse,0.00013,1,191.0,95.97,negative
p0813_batch,PHerc0813,w077,ink,0.00008,0,194.0,94.21,negative
p0813_batch,PHerc0813,w077,ink_reverse,0.00066,2,198.0,96.34,negative
p0813_batch,PHerc0813,w078,ink,0.00020,0,195.0,97.37,negative
p0813_batch,PHerc0813,w078,ink_reverse,0.00052,1,199.0,95.71,negative
p0813_batch,PHerc0813,w079,ink,0.00015,0,195.0,97.21,negative
p0813_batch,PHerc0813,w079,ink_reverse,0.00034,2,195.0,96.87,negative
p0813_batch,PHerc0813,w080,ink,0.00019,0,196.0,98.28,negative
p0813_batch,PHerc0813,w080,ink_reverse,0.00019,0,196.0,97.61,negative
p0813_batch,PHerc0813,w081,ink,0.00032,1,197.0,97.04,negative
p0813_batch,PHerc0813,w081,ink_reverse,0.00044,1,197.0,95.44,negative
p0813_batch,PHerc0813,w082,ink,0.00024,0,196.0,95.74,negative
p0813_batch,PHerc0813,w082,ink_reverse,0.00022,1,194.0,95.23,negative
p0813_batch,PHerc0813,w083,ink,0.00023,2,195.0,96.63,negative
p0813_batch,PHerc0813,w083,ink_reverse,0.00025,1,196.0,95.94,negative
p0813_batch,PHerc0813,w084,ink,0.00006,0,193.0,95.58,negative
p0813_batch,PHerc0813,w084,ink_reverse,0.00037,1,197.0,95.04,negative
p0813_batch,PHerc0813,w085,ink,0.00012,0,195.0,96.49,negative
p0813_batch,PHerc0813,w085,ink_reverse,0.00001,0,190.0,93.6,negative
p0813_batch,PHerc0813,w086,ink,0.00009,0,192.0,92.51,negative
p0813_batch,PHerc0813,w086,ink_reverse,0.00003,0,191.0,93.19,negative
p0813_batch,PHerc0813,w087,ink,0.00011,0,195.0,94.98,negative
p0813_batch,PHerc0813,w087,ink_reverse,0.00002,0,192.0,95.52,negative
p0813_batch,PHerc0813,w088,ink,0.00000,0,188.0,93.89,negative
p0813_batch,PHerc0813,w088,ink_reverse,0.00010,1,191.0,94.67,negative
p0813_batch,PHerc0813,w089,ink,0.00046,2,198.0,96.38,negative
p0813_batch,PHerc0813,w089,ink_reverse,0.00036,1,190.0,93.9,negative
p0826_b2_batch,PHerc0826,w021,ink,0.00020,0,196.0,87.3,negative
p0826_b2_batch,PHerc0826,w021,ink_reverse,0.00000,0,181.0,86.13,negative
p0826_b2_batch,PHerc0826,w022,ink,0.00032,1,190.0,87.96,negative
p0826_b2_batch,PHerc0826,w022,ink_reverse,0.00000,0,186.0,84.18,negative
p0826_b2_batch,PHerc0826,w023,ink,0.00007,0,190.0,85.31,negative
p0826_b2_batch,PHerc0826,w023,ink_reverse,0.00004,0,191.0,87.03,negative
p0826_b2_batch,PHerc0826,w024,ink,0.00000,0,192.0,86.12,negative
p0826_b2_batch,PHerc0826,w024,ink_reverse,0.00014,0,197.0,85.7,negative
p0826_b2_batch,PHerc0826,w025,ink,0.00015,0,193.0,86.42,negative
p0826_b2_batch,PHerc0826,w025,ink_reverse,0.00029,1,195.0,85.56,negative
p0826_b2_batch,PHerc0826,w026,ink,0.00002,0,193.0,84.55,negative
p0826_b2_batch,PHerc0826,w026,ink_reverse,0.00023,1,190.0,80.62,negative
p0826_b2_batch,PHerc0826,w027,ink,0.00042,1,198.0,82.22,negative
p0826_b2_batch,PHerc0826,w027,ink_reverse,0.00022,0,194.0,80.25,negative
p0826_b2_batch,PHerc0826,w028,ink,0.00047,1,198.0,81.0,negative
p0826_b2_batch,PHerc0826,w028,ink_reverse,0.00032,0,195.0,80.89,negative
p0826_b2_batch,PHerc0826,w029,ink,0.00075,2,199.0,88.89,negative
p0826_b2_batch,PHerc0826,w029,ink_reverse,0.00116,2,201.0,85.52,negative
p0826_b2_batch,PHerc0826,w030,ink,0.00071,1,199.0,86.45,negative
p0826_b2_batch,PHerc0826,w030,ink_reverse,0.00000,0,188.0,80.88,negative
p0826_b2_batch,PHerc0826,w031,ink,0.00017,0,196.0,88.48,negative
p0826_b2_batch,PHerc0826,w031,ink_reverse,0.00007,0,194.0,81.57,negative
p0826_b2_batch,PHerc0826,w032,ink,0.00194,3,202.0,90.48,negative
p0826_b2_batch,PHerc0826,w032,ink_reverse,0.00049,1,196.0,82.4,negative
p0826_b2_batch,PHerc0826,w033,ink,0.00264,4,203.0,93.02,negative
p0826_b2_batch,PHerc0826,w033,ink_reverse,0.00024,0,195.0,82.65,negative
p0826_b2_batch,PHerc0826,w034,ink,0.00076,0,200.0,93.9,negative
p0826_b2_batch,PHerc0826,w034,ink_reverse,0.00065,2,199.0,86.58,negative
p0826_b2_batch,PHerc0826,w035,ink,0.00099,0,200.0,92.13,negative
p0826_b2_batch,PHerc0826,w035,ink_reverse,0.00275,5,203.0,88.51,negative
p0826_b2_batch,PHerc0826,w036,ink,0.00040,1,198.0,89.02,negative
p0826_b2_batch,PHerc0826,w036,ink_reverse,0.00025,0,197.0,86.64,negative
p0826_b2_batch,PHerc0826,w037,ink,0.00020,1,193.0,88.41,negative
p0826_b2_batch,PHerc0826,w037,ink_reverse,0.00038,0,198.0,89.18,negative
p0826_b2_batch,PHerc0826,w038,ink,0.00002,0,194.0,87.27,negative
p0826_b2_batch,PHerc0826,w038,ink_reverse,0.00060,0,199.0,86.65,negative
p0826_b2_batch,PHerc0826,w039,ink,0.00183,1,202.0,89.64,negative
p0826_b2_batch,PHerc0826,w039,ink_reverse,0.00064,2,199.0,86.46,negative
p0826_b2_batch,PHerc0826,w040,ink,0.00059,1,198.0,88.19,negative
p0826_b2_batch,PHerc0826,w040,ink_reverse,0.00056,1,198.0,87.19,negative
p0826_b2_batch,PHerc0826,w041,ink,0.00014,0,196.0,89.41,negative
p0826_b2_batch,PHerc0826,w041,ink_reverse,0.00055,0,199.0,86.46,negative
p0826_b2_batch,PHerc0826,w042,ink,0.00021,0,196.0,88.8,negative
p0826_b2_batch,PHerc0826,w042,ink_reverse,0.00076,2,200.0,86.7,negative
p0826_b2_batch,PHerc0826,w043,ink,0.00065,2,199.0,87.6,negative
p0826_b2_batch,PHerc0826,w043,ink_reverse,0.00128,2,201.0,85.56,negative
p0826_b2_batch,PHerc0826,w044,ink,0.00140,3,201.0,87.65,negative
p0826_b2_batch,PHerc0826,w044,ink_reverse,0.00007,0,194.0,86.41,negative
p0826_b2_batch,PHerc0826,w045,ink,0.00020,0,197.0,89.05,negative
p0826_b2_batch,PHerc0826,w045,ink_reverse,0.00040,1,198.0,86.56,negative
p0826_b2_batch,PHerc0826,w046,ink,0.00116,3,201.0,87.49,negative
p0826_b2_batch,PHerc0826,w046,ink_reverse,0.00082,1,200.0,86.25,negative
p0826_b2_batch,PHerc0826,w047,ink,0.00026,1,197.0,87.98,negative
p0826_b2_batch,PHerc0826,w047,ink_reverse,0.00026,1,193.0,83.84,negative
p0826_b2_batch,PHerc0826,w048,ink,0.00066,2,199.0,88.57,negative
p0826_b2_batch,PHerc0826,w048,ink_reverse,0.00056,2,198.0,86.95,negative
p0826_b2_batch,PHerc0826,w049,ink,0.00024,0,196.0,90.44,negative
p0826_b2_batch,PHerc0826,w049,ink_reverse,0.00042,1,197.0,86.36,negative
p0826_b2_batch,PHerc0826,w050,ink,0.00023,1,196.0,87.77,negative
p0826_b2_batch,PHerc0826,w050,ink_reverse,0.00059,2,199.0,85.34,negative
p0826_b2_batch,PHerc0826,w051,ink,0.00004,0,192.0,85.31,negative
p0826_b2_batch,PHerc0826,w051,ink_reverse,0.00007,0,194.0,86.28,negative
p0826_b2_batch,PHerc0826,w052,ink,0.00058,2,198.0,88.55,negative
p0826_b2_batch,PHerc0826,w052,ink_reverse,0.00142,4,202.0,90.14,negative
p0826_b2_batch,PHerc0826,w053,ink,0.00005,0,195.0,88.63,negative
p0826_b2_batch,PHerc0826,w053,ink_reverse,0.00076,2,199.0,88.75,negative
p0826_b2_batch,PHerc0826,w054,ink,0.00052,1,198.0,89.9,negative
p0826_b2_batch,PHerc0826,w054,ink_reverse,0.00071,2,199.0,90.39,negative
p0826_b2_batch,PHerc0826,w055,ink,0.00043,1,198.0,89.79,negative
p0826_b2_batch,PHerc0826,w055,ink_reverse,0.00027,0,196.0,87.61,negative
p0826_b2_batch,PHerc0826,w056,ink,0.00043,1,198.0,95.33,negative
p0826_b2_batch,PHerc0826,w056,ink_reverse,0.00082,1,200.0,89.23,negative
p0826_b2_batch,PHerc0826,w057,ink,0.00057,1,199.0,90.35,negative
p0826_b2_batch,PHerc0826,w057,ink_reverse,0.00019,1,195.0,87.4,negative
p0826_b2_batch,PHerc0826,w058,ink,0.00018,0,197.0,91.99,negative
p0826_b2_batch,PHerc0826,w058,ink_reverse,0.00070,2,199.0,90.15,negative
p0826_b2_batch,PHerc0826,w059,ink,0.00052,2,198.0,88.82,negative
p0826_b2_batch,PHerc0826,w059,ink_reverse,0.00092,2,200.0,88.75,negative
p0826_b2_batch,PHerc0826,w060,ink,0.00059,2,198.0,89.01,negative
p0826_b2_batch,PHerc0826,w060,ink_reverse,0.00013,0,195.0,87.32,negative
p0826_b2_batch,PHerc0826,w061,ink,0.00029,1,195.0,86.65,negative
p0826_b2_batch,PHerc0826,w061,ink_reverse,0.00003,0,192.0,88.53,negative
p0826_b2_batch,PHerc0826,w062,ink,0.00028,1,196.0,91.41,negative
p0826_b2_batch,PHerc0826,w062,ink_reverse,0.00012,0,194.0,88.65,negative
p0826_b2_batch,PHerc0826,w063,ink,0.00040,2,196.0,89.08,negative
p0826_b2_batch,PHerc0826,w063,ink_reverse,0.00027,1,196.0,91.16,negative
p0826_b2_batch,PHerc0826,w064,ink,0.00053,1,198.0,89.04,negative
p0826_b2_batch,PHerc0826,w064,ink_reverse,0.00024,1,196.0,90.87,negative
p0826_b2_batch,PHerc0826,w065,ink,0.00015,0,196.0,90.5,negative
p0826_b2_batch,PHerc0826,w065,ink_reverse,0.00012,0,195.0,89.91,negative
p0826_b2_batch,PHerc0826,w066,ink,0.00005,0,195.0,90.63,negative
p0826_b2_batch,PHerc0826,w066,ink_reverse,0.00024,1,196.0,91.81,negative
p0826_b2_batch,PHerc0826,w067,ink,0.00016,0,196.0,92.18,negative
p0826_b2_batch,PHerc0826,w067,ink_reverse,0.00034,1,197.0,88.92,negative
p0826_b2_batch,PHerc0826,w068,ink,0.00004,0,193.0,92.63,negative
p0826_b2_batch,PHerc0826,w068,ink_reverse,0.00010,0,194.0,90.17,negative
p0826_b2_batch,PHerc0826,w069,ink,0.00051,3,198.0,90.25,negative
p0826_b2_batch,PHerc0826,w069,ink_reverse,0.00011,0,196.0,91.03,negative
p0826_batch_cw10k,PHerc0826,w021,ink,0.00049,1,197.0,80.75,negative
p0826_batch_cw10k,PHerc0826,w021,ink_reverse,0.00097,2,200.0,81.86,negative
p0826_batch_cw10k,PHerc0826,w024,ink,0.00116,0,201.0,88.4,negative
p0826_batch_cw10k,PHerc0826,w024,ink_reverse,0.00026,0,196.0,83.7,negative
p0826_batch_cw10k,PHerc0826,w027,ink,0.00096,1,200.0,87.96,negative
p0826_batch_cw10k,PHerc0826,w027,ink_reverse,0.00075,1,200.0,86.66,negative
p0826_batch_cw10k,PHerc0826,w030,ink,0.00128,3,201.0,92.89,negative
p0826_batch_cw10k,PHerc0826,w030,ink_reverse,0.00100,1,200.0,89.04,negative
p0826_batch_cw10k,PHerc0826,w033,ink,0.00078,1,200.0,92.19,negative
p0826_batch_cw10k,PHerc0826,w033,ink_reverse,0.00112,2,201.0,87.91,negative
p0826_batch_cw10k,PHerc0826,w036,ink,0.00012,0,195.0,87.27,negative
p0826_batch_cw10k,PHerc0826,w036,ink_reverse,0.00008,0,196.0,87.65,negative
p0826_batch_cw10k,PHerc0826,w039,ink,0.00034,0,197.0,87.84,negative
p0826_batch_cw10k,PHerc0826,w039,ink_reverse,0.00105,2,201.0,84.41,negative
p0826_batch_cw10k,PHerc0826,w042,ink,0.00041,0,198.0,87.75,negative
p0826_batch_cw10k,PHerc0826,w042,ink_reverse,0.00054,2,196.0,84.15,negative
p0826_batch_cw10k,PHerc0826,w045,ink,0.00055,1,198.0,90.88,negative
p0826_batch_cw10k,PHerc0826,w045,ink_reverse,0.00007,0,194.0,86.42,negative
p0826_batch_cw10k,PHerc0826,w048,ink,0.00036,1,197.0,88.34,negative
p0826_batch_cw10k,PHerc0826,w048,ink_reverse,0.00033,1,197.0,86.71,negative
p0826_batch_cw10k,PHerc0826,w051,ink,0.00010,0,195.0,89.61,negative
p0826_batch_cw10k,PHerc0826,w051,ink_reverse,0.00085,3,200.0,87.95,negative
p0826_batch_cw10k,PHerc0826,w054,ink,0.00004,0,193.0,88.27,negative
p0826_batch_cw10k,PHerc0826,w054,ink_reverse,0.00027,1,195.0,87.11,negative
p0826_batch_cw10k,PHerc0826,w057,ink,0.00029,1,195.0,86.95,negative
p0826_batch_cw10k,PHerc0826,w057,ink_reverse,0.00018,0,196.0,86.94,negative
p0826_batch_cw10k,PHerc0826,w060,ink,0.00020,1,194.0,87.48,negative
p0826_batch_cw10k,PHerc0826,w060,ink_reverse,0.00075,1,200.0,86.17,negative
p0826_batch_cw10k,PHerc0826,w063,ink,0.00054,3,198.0,88.63,negative
p0826_batch_cw10k,PHerc0826,w063,ink_reverse,0.00076,3,199.0,86.77,negative
p0826_batch_cw10k,PHerc0826,w066,ink,0.00027,1,196.0,88.46,negative
p0826_batch_cw10k,PHerc0826,w066,ink_reverse,0.00055,2,198.0,87.98,negative
p0826_batch_cw10k,PHerc0826,w069,ink,0.00048,2,198.0,89.46,negative
p0826_batch_cw10k,PHerc0826,w069,ink_reverse,0.00056,1,199.0,87.21,negative
p0826_batch_cw10k,PHerc0826,w072,ink,0.00119,4,201.0,88.7,negative
p0826_batch_cw10k,PHerc0826,w072,ink_reverse,0.00025,1,197.0,88.3,negative
p0826_batch_cw10k,PHerc0826,w075,ink,0.00049,0,198.0,86.58,negative
p0826_batch_cw10k,PHerc0826,w075,ink_reverse,0.00114,6,201.0,86.82,negative
p0826_batch_cw10k,PHerc0826,w078,ink,0.00061,3,198.0,88.72,negative
p0826_batch_cw10k,PHerc0826,w078,ink_reverse,0.00014,0,195.0,85.83,negative
p0826_batch_cw10k,PHerc0826,w081,ink,0.00080,5,200.0,85.58,negative
p0826_batch_cw10k,PHerc0826,w081,ink_reverse,0.00041,1,198.0,84.4,negative
p0826_batch_cw10k,PHerc0826,w084,ink,0.00210,8,203.0,88.43,negative
p0826_batch_cw10k,PHerc0826,w084,ink_reverse,0.00044,1,198.0,87.94,negative
p0826_batch_cw10k,PHerc0826,w087,ink,0.00082,3,200.0,89.7,negative
p0826_batch_cw10k,PHerc0826,w087,ink_reverse,0.00104,6,201.0,92.03,negative
p0826_batch_cw10k,PHerc0826,w090,ink,0.01141,38,206.0,110.99,letters-like
p0826_batch_cw10k,PHerc0826,w090,ink_reverse,0.00333,11,203.0,104.84,negative
p0826_batch_cw10k,PHerc0826,w093,ink,0.00042,2,197.0,81.64,negative
p0826_batch_cw10k,PHerc0826,w093,ink_reverse,0.00004,0,193.0,82.28,negative
p0826_batch_cw10k,PHerc0826,w096,ink,0.00151,7,202.0,68.4,negative
p0826_batch_cw10k,PHerc0826,w096,ink_reverse,0.00041,3,197.0,69.06,negative
p0826_batch_cw10k,PHerc0826,w099,ink,0.00086,6,200.0,57.26,negative
p0826_batch_cw10k,PHerc0826,w099,ink_reverse,0.00005,0,194.0,58.41,negative
p0826_batch_cw30k,PHerc0826,w021,ink,0.00153,1,202.0,87.25,negative
p0826_batch_cw30k,PHerc0826,w021,ink_reverse,0.00068,1,198.0,84.15,negative
p0826_batch_cw30k,PHerc0826,w022,ink,0.00001,0,190.0,87.05,negative
p0826_batch_cw30k,PHerc0826,w022,ink_reverse,0.00005,0,195.0,83.86,negative
p0826_batch_cw30k,PHerc0826,w023,ink,0.00022,0,195.0,87.11,negative
p0826_batch_cw30k,PHerc0826,w023,ink_reverse,0.00145,2,202.0,88.14,negative
p0826_batch_cw30k,PHerc0826,w024,ink,0.00069,1,199.0,87.76,negative
p0826_batch_cw30k,PHerc0826,w024,ink_reverse,0.00060,1,199.0,85.22,negative
p0826_batch_cw30k,PHerc0826,w025,ink,0.00078,1,198.0,86.28,negative
p0826_batch_cw30k,PHerc0826,w025,ink_reverse,0.00031,0,197.0,84.24,negative
p0826_batch_cw30k,PHerc0826,w026,ink,0.00034,1,197.0,85.16,negative
p0826_batch_cw30k,PHerc0826,w026,ink_reverse,0.00032,0,198.0,84.61,negative
p0826_batch_cw30k,PHerc0826,w027,ink,0.00015,0,193.0,84.4,negative
p0826_batch_cw30k,PHerc0826,w027,ink_reverse,0.00034,0,196.0,82.42,negative
p0826_batch_cw30k,PHerc0826,w028,ink,0.00012,0,194.0,82.07,negative
p0826_batch_cw30k,PHerc0826,w028,ink_reverse,0.00076,1,199.0,83.86,negative
p0826_batch_cw30k,PHerc0826,w029,ink,0.00044,1,194.0,81.78,negative
p0826_batch_cw30k,PHerc0826,w029,ink_reverse,0.00042,1,195.0,83.16,negative
p0826_batch_cw30k,PHerc0826,w030,ink,0.00073,1,199.0,85.19,negative
p0826_batch_cw30k,PHerc0826,w030,ink_reverse,0.00038,0,197.0,83.05,negative
p0826_batch_cw30k,PHerc0826,w031,ink,0.00050,1,198.0,87.32,negative
p0826_batch_cw30k,PHerc0826,w031,ink_reverse,0.00044,0,198.0,82.26,negative
p0826_batch_cw30k,PHerc0826,w032,ink,0.00089,3,200.0,92.28,negative
p0826_batch_cw30k,PHerc0826,w032,ink_reverse,0.00030,1,196.0,85.71,negative
p0826_batch_cw30k,PHerc0826,w033,ink,0.00075,2,200.0,90.92,negative
p0826_batch_cw30k,PHerc0826,w033,ink_reverse,0.00028,0,198.0,86.17,negative
p0826_batch_cw30k,PHerc0826,w034,ink,0.00110,0,201.0,91.19,negative
p0826_batch_cw30k,PHerc0826,w034,ink_reverse,0.00053,0,199.0,84.87,negative
p0826_batch_cw30k,PHerc0826,w035,ink,0.00141,2,202.0,91.27,negative
p0826_batch_cw30k,PHerc0826,w035,ink_reverse,0.00041,1,198.0,85.89,negative
p0826_batch_cw30k,PHerc0826,w036,ink,0.00074,1,200.0,89.86,negative
p0826_batch_cw30k,PHerc0826,w036,ink_reverse,0.00051,0,199.0,85.61,negative
p0826_batch_cw30k,PHerc0826,w037,ink,0.00203,2,202.0,93.31,negative
p0826_batch_cw30k,PHerc0826,w037,ink_reverse,0.00182,3,202.0,92.4,negative
p0826_batch_cw30k,PHerc0826,w038,ink,0.00093,1,200.0,90.95,negative
p0826_batch_cw30k,PHerc0826,w038,ink_reverse,0.00135,3,201.0,93.9,negative
p0826_batch_cw30k,PHerc0826,w039,ink,0.00127,2,201.0,90.27,negative
p0826_batch_cw30k,PHerc0826,w039,ink_reverse,0.00137,2,202.0,91.6,negative
p0826_batch_cw30k,PHerc0826,w040,ink,0.00070,2,199.0,89.45,negative
p0826_batch_cw30k,PHerc0826,w040,ink_reverse,0.00277,5,204.0,89.18,negative
p0826_batch_cw30k,PHerc0826,w041,ink,0.00105,2,201.0,91.09,negative
p0826_batch_cw30k,PHerc0826,w041,ink_reverse,0.00159,2,202.0,89.85,negative
p0826_batch_cw30k,PHerc0826,w042,ink,0.00068,1,199.0,88.95,negative
p0826_batch_cw30k,PHerc0826,w042,ink_reverse,0.00053,1,197.0,84.24,negative
p0826_batch_cw30k,PHerc0826,w043,ink,0.00082,1,200.0,89.72,negative
p0826_batch_cw30k,PHerc0826,w043,ink_reverse,0.00054,2,197.0,86.28,negative
p0826_batch_cw30k,PHerc0826,w044,ink,0.00137,4,201.0,89.33,negative
p0826_batch_cw30k,PHerc0826,w044,ink_reverse,0.00038,1,197.0,86.67,negative
p0826_batch_cw30k,PHerc0826,w045,ink,0.00049,1,199.0,87.09,negative
p0826_batch_cw30k,PHerc0826,w045,ink_reverse,0.00075,2,200.0,85.2,negative
p0826_batch_cw30k,PHerc0826,w046,ink,0.00046,1,197.0,87.64,negative
p0826_batch_cw30k,PHerc0826,w046,ink_reverse,0.00006,0,193.0,83.28,negative
p0826_batch_cw30k,PHerc0826,w047,ink,0.00020,1,194.0,86.94,negative
p0826_batch_cw30k,PHerc0826,w047,ink_reverse,0.00065,2,199.0,84.41,negative
p0826_batch_cw30k,PHerc0826,w048,ink,0.00050,1,199.0,88.74,negative
p0826_batch_cw30k,PHerc0826,w048,ink_reverse,0.00030,0,196.0,82.87,negative
p0826_batch_cw30k,PHerc0826,w049,ink,0.00014,0,197.0,86.88,negative
p0826_batch_cw30k,PHerc0826,w049,ink_reverse,0.00032,1,196.0,85.18,negative
p0826_batch_cw30k,PHerc0826,w050,ink,0.00048,1,198.0,86.0,negative
p0826_batch_cw30k,PHerc0826,w050,ink_reverse,0.00082,2,200.0,85.75,negative
p0826_batch_cw30k,PHerc0826,w051,ink,0.00171,5,203.0,87.72,negative
p0826_batch_cw30k,PHerc0826,w051,ink_reverse,0.00038,1,197.0,82.04,negative
p0826_batch_cw30k,PHerc0826,w052,ink,0.00102,3,201.0,87.43,negative
p0826_batch_cw30k,PHerc0826,w052,ink_reverse,0.00054,1,198.0,82.22,negative
p0826_batch_cw30k,PHerc0826,w053,ink,0.00034,1,196.0,87.18,negative
p0826_batch_cw30k,PHerc0826,w053,ink_reverse,0.00030,1,196.0,84.69,negative
p0826_batch_cw30k,PHerc0826,w054,ink,0.00065,1,199.0,87.07,negative
p0826_batch_cw30k,PHerc0826,w054,ink_reverse,0.00075,2,199.0,83.55,negative
p0826_batch_cw30k,PHerc0826,w055,ink,0.00054,1,197.0,88.66,negative
p0826_batch_cw30k,PHerc0826,w055,ink_reverse,0.00027,0,197.0,86.32,negative
p0826_batch_cw30k,PHerc0826,w056,ink,0.00050,1,198.0,89.61,negative
p0826_batch_cw30k,PHerc0826,w056,ink_reverse,0.00037,1,197.0,87.23,negative
p0826_batch_cw30k,PHerc0826,w057,ink,0.00068,2,199.0,87.65,negative
p0826_batch_cw30k,PHerc0826,w057,ink_reverse,0.00070,3,199.0,83.62,negative
p0826_batch_cw30k,PHerc0826,w058,ink,0.00009,0,194.0,86.99,negative
p0826_batch_cw30k,PHerc0826,w058,ink_reverse,0.00044,2,197.0,83.0,negative
p0826_batch_cw30k,PHerc0826,w059,ink,0.00003,0,191.0,84.66,negative
p0826_batch_cw30k,PHerc0826,w059,ink_reverse,0.00076,3,199.0,86.11,negative
p0826_batch_cw30k,PHerc0826,w060,ink,0.00029,0,197.0,87.7,negative
p0826_batch_cw30k,PHerc0826,w060,ink_reverse,0.00032,1,197.0,87.12,negative
p0826_batch_cw30k,PHerc0826,w061,ink,0.00033,1,197.0,86.03,negative
p0826_batch_cw30k,PHerc0826,w061,ink_reverse,0.00000,0,183.0,82.55,negative
p0826_batch_cw30k,PHerc0826,w062,ink,0.00019,0,197.0,88.61,negative
p0826_batch_cw30k,PHerc0826,w062,ink_reverse,0.00087,3,200.0,86.62,negative
p0826_batch_cw30k,PHerc0826,w063,ink,0.00091,2,200.0,87.86,negative
p0826_batch_cw30k,PHerc0826,w063,ink_reverse,0.00129,4,201.0,87.09,negative
p0826_batch_cw30k,PHerc0826,w064,ink,0.00019,0,196.0,88.8,negative
p0826_batch_cw30k,PHerc0826,w064,ink_reverse,0.00105,3,201.0,86.71,negative
p0826_batch_cw30k,PHerc0826,w065,ink,0.00053,2,198.0,89.14,negative
p0826_batch_cw30k,PHerc0826,w065,ink_reverse,0.00059,2,199.0,85.93,negative
p0826_batch_cw30k,PHerc0826,w066,ink,0.00026,0,196.0,89.62,negative
p0826_batch_cw30k,PHerc0826,w066,ink_reverse,0.00068,2,198.0,87.7,negative
p0826_batch_cw30k,PHerc0826,w067,ink,0.00024,1,196.0,88.45,negative
p0826_batch_cw30k,PHerc0826,w067,ink_reverse,0.00110,3,201.0,86.53,negative
p0826_batch_cw30k,PHerc0826,w068,ink,0.00002,0,192.0,87.81,negative
p0826_batch_cw30k,PHerc0826,w068,ink_reverse,0.00055,3,198.0,84.82,negative
p0826_batch_cw30k,PHerc0826,w069,ink,0.00086,1,200.0,88.52,negative
p0826_batch_cw30k,PHerc0826,w069,ink_reverse,0.00014,0,196.0,87.38,negative
